ModuleCode,ModuleName,Occurrence,Activity,Day/StartDuration,Tutor,Room
GBA0021,APPRECIATINGLITERATURE,1,ONL,MONDAY 15:00-17:00(02:00),DR.VANDANA,SAXENA
GBC0004,PERSONAL,FINANCE,1,ONL,"""MONDAY"
12:00,-,14:00,"(02:00)""",DR.,ADILAH,BINTI,A.,WAHAB
GBC0004,PERSONAL,FINANCE,2,ONL,"""WEDNESDAY"
12:00,-,14:00,"(02:00)""",DR.,ADILAH,BINTI,A.,WAHAB
GBC0004,PERSONAL,FINANCE,2,ONL,"""WEDNESDAY"
12:00,-,14:00,"(02:00)""",ASSOCIATE,PROF.,DR.,KOH,HSIENG,YANG,ERIC
GBC0005,UNDERSTANDING,CONSUMER,PSYCHOLOGY,1,ONL,"""WEDNESDAY"
12:00,-,14:00,"(02:00)""",DR.,NOR,HAZLINA,BINTI,HASHIM
GBC0019,PERSONAL,INCOME,TAX,1,ONL,"""WEDNESDAY"
12:00,-,14:00,"(02:00)""",DR.,NOOR,SHAROJA,BINTI,SAPIEI
GBE0015,SEEING,THE,WORLD,LIKE,AN,ECONOMIST,1,ONL,"""THURSDAY"
12:00,-,14:00,"(02:00)""",DR.,TANG,TUCK,CHEONG
GBI0001,PRINCIPLES,OF,MUAMALAT,AND,ISLAMIC,MANAGEMENT,1,LEC,"""THURSDAY"
15:00,-,16:50,"(01:50)""",DR.,ISSA,KHAN,BS,23,API
GBI0013,ISLAM,AND,SCIENCE,1,LEC,"""TUESDAY"
14:00,-,15:50,"(01:50)""",DR.,MADIHA,BINTI,BAHARUDDIN,BS,3,API
GBI0013,ISLAM,AND,SCIENCE,2,LEC,"""TUESDAY"
14:00,-,15:50,"(01:50)""",DR.,ASMAWATI,BINTI,MUHAMAD,BS,5,API
GBI0013,ISLAM,AND,SCIENCE,3,LEC,"""TUESDAY"
14:00,-,15:50,"(01:50)""",DR.,SITI,PATONAH,BINTI,MOHAMAD,BS,8,API
GBL0008,MY,CONSTITUTION,1,LEC,"""TUESDAY"
11:00,-,13:00,"(02:00)""",DR.,MARYAM,BINTI,KHALID,MCOURT,B,FUU
GBL0008,MY,CONSTITUTION,1S,LEC,"""TUESDAY"
11:00,-,13:00,"(02:00)""",DR.,MARYAM,BINTI,KHALID,MCOURT,B,FUU
GBM0006,PHYSICS,AND,RADIATION,IN,LIFE,1,ONL,"""WEDNESDAY"
10:00,-,12:00,"(02:00)""",ASSOCIATE,PROF.,DR.,UNG,NGIE,MIN
GBM0006,PHYSICS,AND,RADIATION,IN,LIFE,1,ONL,"""WEDNESDAY"
10:00,-,12:00,"(02:00)""",ASSOCIATE,PROF.,DR.,WOON,KAI,LIN
GBM0006,PHYSICS,AND,RADIATION,IN,LIFE,1,ONL,"""WEDNESDAY"
10:00,-,12:00,"(02:00)""",EMERITUS,PROF.,DR.,NG,KWAN,HOONG
GBM0006,PHYSICS,AND,RADIATION,IN,LIFE,1,ONL,"""WEDNESDAY"
10:00,-,12:00,"(02:00)""",DR.,NG,AIK,HAO
GBM0006,PHYSICS,AND,RADIATION,IN,LIFE,1,ONL,"""WEDNESDAY"
10:00,-,12:00,"(02:00)""",MR.,MUHAMMAD,SHAHRUN,NIZAM,BIN,A,DAMAN,HURI
GBM0006,PHYSICS,AND,RADIATION,IN,LIFE,1,ONL,"""WEDNESDAY"
10:00,-,12:00,"(02:00)""",DR.,AZLAN,BIN,CHE,AHMAD
GBM0006,PHYSICS,AND,RADIATION,IN,LIFE,1,ONL,"""WEDNESDAY"
10:00,-,12:00,"(02:00)""",DR.,TAN,LI,KUO
GBR0024,INTRODUCTION,TO,DRAMA,AESTHETIC,1,LEC,"""MONDAY"
11:00,-,13:00,"(02:00)""",DR.,ROSDEEN,BIN,SUBOH,BK,2,PE,PK
GBS0023,DEALING,WITH,PSEUDOSCIENCE,1,ONL,"""MONDAY"
17:00,-,18:50,"(01:50)""",DR.,YUSRIZAM,BIN,SHARIFUDDIN
GBS0023,DEALING,WITH,PSEUDOSCIENCE,1,ONL,"""MONDAY"
17:00,-,18:50,"(01:50)""",ASSOCIATE,PROF.,DR.,CHAI,LAY,CHING
GBT0002,CRITICAL,THINKING,AND,PROBLEM,SOLVING,SKILLS,1,ONL,"""MONDAY"
12:00,-,14:00,"(02:00)""",DR.,AMIN,AMIRDABBAGHIAN
GBT0003,CRITICAL,THINKING,AND,PROBLEM,SOLVING,SKILLS,2,ONL,"""WEDNESDAY"
08:00,-,10:00,"(02:00)""",MISS,TAMILHIILE,MANGGAI,A/P,G,MOHGAN
GBT0004,CRITICAL,THINKING,AND,PROBLEM,SOLVING,SKILLS,3,ONL,"""FRIDAY"
08:00,-,10:00,"(02:00)""",MISS,TAMILHIILE,MANGGAI,A/P,G,MOHGAN
GBX0009,INFORMATION,SEEKING,,WRITING,,AND,ACADEMIC,PUBLICATIONS,1,ONL,"""MONDAY"
10:00,-,11:00,"(01:00)""",MR.,AZRIZAL,BIN,ISMAIL
GBX0009,INFORMATION,SEEKING,,WRITING,,AND,ACADEMIC,PUBLICATIONS,2,ONL,"""TUESDAY"
14:00,-,15:00,"(01:00)""",MADAM,ANNUR,THAHIRAH,BINTI,ABD.,HADI
GBX0009,INFORMATION,SEEKING,,WRITING,,AND,ACADEMIC,PUBLICATIONS,3,ONL,"""WEDNESDAY"
10:00,-,11:00,"(01:00)""",MADAM,NORISHAH,BINTI,ABDUL,RAHMAN
GBX0009,INFORMATION,SEEKING,,WRITING,,AND,ACADEMIC,PUBLICATIONS,4,ONL,"""THURSDAY"
14:00,-,15:00,"(01:00)""",MADAM,NORASLINDA,BINTI,SANUSI
GBX0010,INTRODUCTION,TO,SOCIAL,ENTREPRENEURSHIP,1,LEC,"""TUESDAY"
09:00,-,11:00,"(02:00)""",PROF.,DR.,IVY,CHUNG,DEWAN,ARIF,FP
GBX0010,INTRODUCTION,TO,SOCIAL,ENTREPRENEURSHIP,1,LEC,"""TUESDAY"
09:00,-,11:00,"(02:00)""",DR.,PONMALAR,A/P,N,ALAGAPPAR,DEWAN,ARIF,FP
GBX0011,STEM,EDUCATION,MANAGEMENT,1,ONL,"""THURSDAY"
14:00,-,16:00,"(02:00)""",DR.,WONG,SENG,YUE
GDA0007,PSYCHOLOGY,POSITIVE,IN,DAILY,LIFE,1,ONL,"""THURSDAY"
10:00,-,12:00,"(02:00)""",DR.,ASBAH,BINTI,RAZALI
GDI0001,STRENGTHENING,OF,ISLAMIC,CREED,1,LEC,"""FRIDAY"
09:00,-,10:50,"(01:50)""",DR.,AHMAD,ZUHDI,BIN,ISMAIL,SURAU,API
GDI0001,STRENGTHENING,OF,ISLAMIC,CREED,1,LEC,"""FRIDAY"
09:00,-,10:50,"(01:50)""",DR.,ALWANI,BINTI,GHAZALI,SURAU,API
GDI0001,STRENGTHENING,OF,ISLAMIC,CREED,1,LEC,"""FRIDAY"
09:00,-,10:50,"(01:50)""",ASSOCIATE,PROF.,DR.,WAN,ZAILAN,KAMARUDDIN,BIN,WAN,ALI,SURAU,API
GDI0001,STRENGTHENING,OF,ISLAMIC,CREED,1,LEC,"""FRIDAY"
09:00,-,10:50,"(01:50)""",ASSOCIATE,PROF.,DR.,SYED,MOHAMMAD,HILMI,B,SYED,ABDUL,RAHMAN,SURAU,API
GDI0001,STRENGTHENING,OF,ISLAMIC,CREED,1,LEC,"""FRIDAY"
09:00,-,10:50,"(01:50)""",DR.,SHARIFAH,BASIRAH,BINTI,SYED,MUHSIN,SURAU,API
GDI0001,STRENGTHENING,OF,ISLAMIC,CREED,1,LEC,"""FRIDAY"
09:00,-,10:50,"(01:50)""",ASSOCIATE,PROF.,DR.,FAIZURI,BIN,ABD.,LATIF,SURAU,API
GDI0001,STRENGTHENING,OF,ISLAMIC,CREED,1,LEC,"""FRIDAY"
09:00,-,10:50,"(01:50)""",DR.,MOHD,KHAIRUL,NAIM,BIN,CHE,NORDIN,SURAU,API
GDI0001,STRENGTHENING,OF,ISLAMIC,CREED,1,LEC,"""FRIDAY"
09:00,-,10:50,"(01:50)""",DR.,MOHD,SYUKRI,BIN,ZAINAL,ABIDIN,SURAU,API
GDI0001,STRENGTHENING,OF,ISLAMIC,CREED,1,LEC,"""FRIDAY"
09:00,-,10:50,"(01:50)""",ASSOCIATE,PROF.,DR.,KHADIJAH,BINTI,MOHD,KHAMBALI,@,HAMBALI,SURAU,API
GDI001,STRENGTHENING,OF,ISLAMIC,CREED,1,LEC,"""FRIDAY"
09:00,-,10:50,"(01:50)""",DR.,AZMIL,BIN,ZAINAL,ABIDIN,SURAU,API
GDI0001,STRENGTHENING,OF,ISLAMIC,CREED,1,LEC,"""FRIDAY"
09:00,-,10:50,"(01:50)""",DR.,WAN,ADLI,BIN,WAN,RAMLI,SURAU,API
GDI0001,STRENGTHENING,OF,ISLAMIC,CREED,1,LEC,"""FRIDAY"
09:00,-,10:50,"(01:50)""",DR.,ALI,ALI,GOBAILI,SAGED,SURAU,API
GDI0001,STRENGTHENING,OF,ISLAMIC,CREED,1,LEC,"""FRIDAY"
09:00,-,10:50,"(01:50)""",DR.,MOHAMMAD,ABDELHAMID,SALEM,QATAWNEH,SURAU,API
GDI0003,ISLAMIC,AKHLAQ,EDUCATION,1,LEC,"""FRIDAY"
09:00,-,10:50,"(01:50)""",ASSOCIATE,PROF.,DR.,WAN,ZAILAN,KAMARUDDIN,BIN,WAN,ALI,SURAU,API
GDI0003,ISLAMIC,AKHLAQ,EDUCATION,1,LEC,"""FRIDAY"
09:00,-,10:50,"(01:50)""",DR.,SHARIFAH,BASIRAH,BINTI,SYED,MUHSIN,SURAU,API
GDI0003,ISLAMIC,AKHLAQ,EDUCATION,1,LEC,"""FRIDAY"
09:00,-,10:50,"(01:50)""",ASSOCIATE,PROF.,DR.,FAIZURI,BIN,ABD.,LATIF,SURAU,API
GDI0003,ISLAMIC,AKHLAQ,EDUCATION,1,LEC,"""FRIDAY"
09:00,-,10:50,"(01:50)""",DR.,MOHAMMAD,ABDELHAMID,SALEM,QATAWNEH,SURAU,API
GDI0003,ISLAMIC,AKHLAQ,EDUCATION,1,LEC,"""FRIDAY"
09:00,-,10:50,"(01:50)""",DR.,AZMIL,BIN,ZAINAL,ABIDIN,SURAU,API
GDI0003,ISLAMIC,AKHLAQ,EDUCATION,1,LEC,"""FRIDAY"
09:00,-,10:50,"(01:50)""",DR.,WAN,ADLI,BIN,WAN,RAMLI,SURAU,API
GDI0003,ISLAMIC,AKHLAQ,EDUCATION,1,LEC,"""FRIDAY"
09:00,-,10:50,"(01:50)""",DR.,MOHD,KHAIRUL,NAIM,BIN,CHE,NORDIN,SURAU,API
GDI0003,ISLAMIC,AKHLAQ,EDUCATION,1,LEC,"""FRIDAY"
09:00,-,10:50,"(01:50)""",DR.,ALI,ALI,GOBAILI,SAGED,SURAU,API
GDI0003,ISLAMIC,AKHLAQ,EDUCATION,1,LEC,"""FRIDAY"
09:00,-,10:50,"(01:50)""",ASSOCIATE,PROF.,DR.,SYED,MOHAMMAD,HILMI,B,SYED,ABDUL,RAHMAN,SURAU,API
GDI0003,ISLAMIC,AKHLAQ,EDUCATION,1,LEC,"""FRIDAY"
09:00,-,10:50,"(01:50)""",DR.,AHMAD,ZUHDI,BIN,ISMAIL,SURAU,API
GDI0003,ISLAMIC,AKHLAQ,EDUCATION,1,LEC,"""FRIDAY"
09:00,-,10:50,"(01:50)""",ASSOCIATE,PROF.,DR.,KHADIJAH,BINTI,MOHD,KHAMBALI,@,HAMBALI,SURAU,API
GDI0003,ISLAMIC,AKHLAQ,EDUCATION,1,LEC,"""FRIDAY"
09:00,-,10:50,"(01:50)""",DR.,ALWANI,BINTI,GHAZALI,SURAU,API
GDI0003,ISLAMIC,AKHLAQ,EDUCATION,1,LEC,"""FRIDAY"
09:00,-,10:50,"(01:50)""",DR.,MOHD,SYUKRI,BIN,ZAINAL,ABIDIN,SURAU,API
GDM0006,GLOBAL,TRENDS,IN,FOOD,AND,HEALTH,1,ONL,"""TUESDAY"
08:00,-,10:00,"(02:00)""",ASSOCIATE,PROF.,DR.,TAN,KAE,YI
GDM0006,GLOBAL,TRENDS,IN,FOOD,AND,HEALTH,1,ONL,"""TUESDAY"
08:00,-,10:00,"(02:00)""",DR.,LEO,BEY,FEN
GDM0006,GLOBAL,TRENDS,IN,FOOD,AND,HEALTH,1,ONL,"""TUESDAY"
08:00,-,10:00,"(02:00)""",PROF.,DR.,SARNI,BINTI,MAT,JUNIT
GDM0006,GLOBAL,TRENDS,IN,FOOD,AND,HEALTH,1,ONL,"""TUESDAY"
08:00,-,10:00,"(02:00)""",PROF.,DR.,FUNG,SHIN,YEE
GDM0006,GLOBAL,TRENDS,IN,FOOD,AND,HEALTH,1,ONL,"""TUESDAY"
08:00,-,10:00,"(02:00)""",DR.,JAIME,JACQUELINE,A/P,JAYAPALAN
GDM0006,GLOBAL,TRENDS,IN,FOOD,AND,HEALTH,1,ONL,"""TUESDAY"
08:00,-,10:00,"(02:00)""",PROF.,DR.,AZLINA,BINTI,ABDUL,AZIZ
GDM0006,GLOBAL,TRENDS,IN,FOOD,AND,HEALTH,1,ONL,"""TUESDAY"
08:00,-,10:00,"(02:00)""",ASSOCIATE,PROF.,DR.,SHATRAH,BINTI,OTHMAN
GDM0006,GLOBAL,TRENDS,IN,FOOD,AND,HEALTH,1,ONL,"""TUESDAY"
08:00,-,10:00,"(02:00)""",DR.,KONG,KIN,WENG
GDM0006,GLOBAL,TRENDS,IN,FOOD,AND,HEALTH,1,ONL,"""TUESDAY"
08:00,-,10:00,"(02:00)""",ASSOCIATE,PROF.,DR.,NURSHAMIMI,BTE,NOR,RASHID
GDP0014,STRESS,MANAGEMENT,1,LEC,"""TUESDAY"
08:00,-,10:00,"(02:00)""",DR.,ROZITA,BINTI,WAHAB,AUDI,B,FP
GDR0010,DANCE,IN,THE,WORLD,1,LEC,"""TUESDAY"
13:00,-,15:00,"(02:00)""",MR.,MOHAMMAD,KHAIRI,MOKTHAR,BS,1,PK
GDX0015,APPRECIATION,OF,HARMONY,SINGING,1,LEC,"""MONDAY"
11:00,-,13:00,"(02:00)""",MR.,MOHAMMED,RAUZAN,BIN,ALWI
GFE0007,DATA,ANALYTICS,MADE,EASY:,FOR,BEGINNERS,1,ONL,"""TUESDAY"
15:00,-,17:00,"(02:00)""",DR.,DIANA,BINTI,ABDUL,WAHAB
GFL0004,E-COMMERCE,LAW,1,LEC,"""THURSDAY"
12:00,-,14:00,"(02:00)""",DR.,IZURA,MASDINA,MOHAMED,ZAKRI,DK,2,FUU
GFL0004,E-COMMERCE,LAW,1S,LEC,"""THURSDAY"
12:00,-,14:00,"(02:00)""",DR.,IZURA,MASDINA,MOHAMED,ZAKRI,DK,2,FUU
GFP0009,DIGITAL,CREATIVITY,1,LEC,"""MONDAY"
09:00,-,11:00,"(02:00)""",ASSOCIATE,PROF.,DR.,RAFIZA,BINTI,ABDUL,RAZAK,M,KOMP,2,FP
GFP0010,EDUCATIONAL,TECHNOLOGY,FOR,ALL,1,LEC,"""TUESDAY"
09:00,-,11:00,"(02:00)""",HAJI,NORHASHIMI,BIN,SAAD,M,KOMP,2,FP
GFP0011,RESPONSIBLE,DIGITAL,CITIZENSHIP,1,LEC,"""THURSDAY"
09:00,-,11:00,"(02:00)""",DR.,MOHD,SHAHRIL,NIZAM,BIN,SHAHAROM,M,KOMP,1,FP
GFR0019,DIGITAL,VIDEO,PRODUCTION,FOR,WEB,1,LEC,"""WEDNESDAY"
10:00,-,12:00,"(02:00)""",MISS,RAJA,FARAH,RAJA,HADAYADANIN,BENSEMBEL,PE,PK
GFS0013,INTRODUCTION,TO,BIOCOMPUTING,1,ONL,"""MONDAY"
14:00,-,15:50,"(01:50)""",DR.,MOHAMMED,RIZMAN,BIN,IDID
GFS0013,INTRODUCTION,TO,BIOCOMPUTING,1,ONL,"""MONDAY"
14:00,-,15:50,"(01:50)""",ASSOCIATE,PROF.,DR.,TEOH,TEOW,CHONG
GFS0014,SCIENTIFIC,COMPUTING,FOR,NON-SCIENTISTS,1,LEC,"""FRIDAY"
15:00,-,17:00,"(02:00)""",DR.,NURFIKRI,BIN,NORJOHARUDDEEN,DK,2,FS
GIA2001,INTRODUCTION,TO,THE,MALAYSIAN,HISTORY,1,LEC,"""FRIDAY"
09:00,-,11:00,"(02:00)""",DR.,MARDIANA,BINTI,NORDIN,DK,C,FSSS
GIA2001,INTRODUCTION,TO,THE,MALAYSIAN,HISTORY,2,LEC,"""FRIDAY"
09:00,-,11:00,"(02:00)""",DR.,NORAINI,BINTI,MOHAMED,HASSAN,DK,C,FSSS
GIA2003,EAST,ASIAN,MODERNIZATION,PROCESS,1,LEC,"""WEDNESDAY"
12:00,-,14:00,"(02:00)""",DR.,PARK,CHANG,KYOO,AUDI,AT,FSSS
GIA2004,CHINESE,POPULAR,CULTURE,1,LEC,"""THURSDAY"
16:00,-,18:00,"(02:00)""",DR.,ONG,SIEW,KIAN,DK,D,FSSS
GIA2009,INTERNATIONAL,DEVELOPMENT,AND,GOVERNANCE,1,LEC,"""WEDNESDAY"
09:00,-,11:00,"(02:00)""",DR.,SHEILA,DEVI,A/P,MICHAEL,AUDIO,IR,FSSS
GIC2002,INTERNET,BUSINESS,1,ONL,"""TUESDAY"
12:00,-,15:00,"(03:00)""",ASSOCIATE,PROF.,DR.,SEDIGHEH,MOGHAVVEMI
GIG1003,BASIC,ENTREPRENEURSHIP,ENCULTURATION,1,ONL,"""TUESDAY"
12:00,-,14:00,"(02:00)""",DR.,WONG,SENG,YUE
GIG1003,BASIC,ENTREPRENEURSHIP,ENCULTURATION,10,ONL,"""FRIDAY"
08:00,-,10:00,"(02:00)""",DR.,IRENE,YONG,SEOK,CHING
GIG1003,BASIC,ENTREPRENEURSHIP,ENCULTURATION,11,ONL,"""FRIDAY"
09:00,-,11:00,"(02:00)""",DR.,SERRENE,LEONG
GIG1003,BASIC,ENTREPRENEURSHIP,ENCULTURATION,12,ONL,"""FRIDAY"
09:00,-,11:00,"(02:00)""",DR.,WONG,SENG,YUE
GIG1003,BASIC,ENTREPRENEURSHIP,ENCULTURATION,13,ONL,"""FRIDAY"
15:00,-,17:00,"(02:00)""",DR.,IRENE,YONG,SEOK,CHING
GIG1003,BASIC,ENTREPRENEURSHIP,ENCULTURATION,14,LEC,"""WEDNESDAY"
12:00,-,14:00,"(02:00)""",DR.,PONMALAR,A/P,N,ALAGAPPAR,DK,1,FEP
GIG1003,BASIC,ENTREPRENEURSHIP,ENCULTURATION,2,ONL,"""TUESDAY"
12:00,-,14:00,"(02:00)""",DR.,SERRENE,LEONG
GIG1003,BASIC,ENTREPRENEURSHIP,ENCULTURATION,3,ONL,"""WEDNESDAY"
08:00,-,10:00,"(02:00)""",DR.,IRENE,YONG,SEOK,CHING
GIG1003,BASIC,ENTREPRENEURSHIP,ENCULTURATION,4,ONL,"""WEDNESDAY"
10:00,-,12:00,"(02:00)""",DR.,IRENE,YONG,SEOK,CHING
GIG1003,BASIC,ENTREPRENEURSHIP,ENCULTURATION,5,ONL,"""WEDNESDAY"
12:00,-,14:00,"(02:00)""",DR.,IRENE,YONG,SEOK,CHING
GIG1003,BASIC,ENTREPRENEURSHIP,ENCULTURATION,6,ONL,"""WEDNESDAY"
12:00,-,14:00,"(02:00)""",DR.,SERRENE,LEONG
GIG1003,BASIC,ENTREPRENEURSHIP,ENCULTURATION,7,ONL,"""WEDNESDAY"
12:00,-,14:00,"(02:00)""",DR.,WONG,SENG,YUE
GIG1003,BASIC,ENTREPRENEURSHIP,ENCULTURATION,8,ONL,"""THURSDAY"
09:00,-,11:00,"(02:00)""",DR.,WONG,SENG,YUE
GIG1003,BASIC,ENTREPRENEURSHIP,ENCULTURATION,9,ONL,"""THURSDAY"
12:00,-,14:00,"(02:00)""",DR.,SERRENE,LEONG
GIG1004,INFORMATION,LITERACY,1,ONL,"""MONDAY"
11:00,-,12:00,"(01:00)""",MADAM,NORISHAH,BINTI,ABDUL,RAHMAN
GIG1004,INFORMATION,LITERACY,2,ONL,"""MONDAY"
14:00,-,15:00,"(01:00)""",MADAM,ANNUR,THAHIRAH,BINTI,ABD.,HADI
GIG1004,INFORMATION,LITERACY,3,ONL,"""TUESDAY"
10:00,-,11:00,"(01:00)""",MADAM,ANNUR,THAHIRAH,BINTI,ABD.,HADI
GIG1004,INFORMATION,LITERACY,5,ONL,"""WEDNESDAY"
11:00,-,12:00,"(01:00)""",MADAM,NORASLINDA,BINTI,SANUSI
GIG1004,INFORMATION,LITERACY,6,ONL,"""WEDNESDAY"
14:00,-,15:00,"(01:00)""",MADAM,NORISHAH,BINTI,ABDUL,RAHMAN
GIG1004,INFORMATION,LITERACY,7,ONL,"""THURSDAY"
10:00,-,11:00,"(01:00)""",MADAM,NORASLINDA,BINTI,SANUSI
GIG1004,INFORMATION,LITERACY,8,ONL,"""THURSDAY"
11:00,-,12:00,"(01:00)""",MR.,AZRIZAL,BIN,ISMAIL
GIG1005,SOCIAL,ENGAGEMENT,1,""""
-,"()"""
GIG1005,SOCIAL,ENGAGEMENT,10,""""
-,"()"""
GIG1005,SOCIAL,ENGAGEMENT,11,""""
-,"()"""
GIG1005,SOCIAL,ENGAGEMENT,12,""""
-,"()"""
GIG1005,SOCIAL,ENGAGEMENT,13,""""
-,"()"""
GIG1005,SOCIAL,ENGAGEMENT,14,""""
-,"()"""
GIG1005,SOCIAL,ENGAGEMENT,15,""""
-,"()"""
GIG1005,SOCIAL,ENGAGEMENT,16,""""
-,"()"""
GIG1005,SOCIAL,ENGAGEMENT,17,""""
-,"()"""
GIG1005,SOCIAL,ENGAGEMENT,18,""""
-,"()"""
GIG1005,SOCIAL,ENGAGEMENT,19,""""
-,"()"""
GIG1005,SOCIAL,ENGAGEMENT,2,""""
-,"()"""
GIG1005,SOCIAL,ENGAGEMENT,20,""""
-,"()"""
GIG1005,SOCIAL,ENGAGEMENT,21,""""
-,"()"""
GIG1005,SOCIAL,ENGAGEMENT,22,""""
-,"()"""
GIG1005,SOCIAL,ENGAGEMENT,23,LEC,"""THURSDAY"
11:00,-,13:00,"(02:00)""",ASSOCIATE,PROF.,DR.,AZAH,ANIR,BINTI,NORMAN
GIG1005,SOCIAL,ENGAGEMENT,3,""""
-,"()"""
GIG1005,SOCIAL,ENGAGEMENT,4,""""
-,"()"""
GIG1005,SOCIAL,ENGAGEMENT,5,""""
-,"()"""
GIG1005,SOCIAL,ENGAGEMENT,6,""""
-,"()"""
GIG1005,SOCIAL,ENGAGEMENT,7,""""
-,"()"""
GIG1005,SOCIAL,ENGAGEMENT,8,""""
-,"()"""
GIG1005,SOCIAL,ENGAGEMENT,9,""""
-,"()"""
GIG1012,PHILOSOPHY,AND,CURRENT,ISSUES,1,ONL,"""TUESDAY"
12:00,-,14:00,"(02:00)""",DR.,FARIDAH,BINTI,CHE,HUSAIN
GIG1012,PHILOSOPHY,AND,CURRENT,ISSUES,10,ONL,"""WEDNESDAY"
12:00,-,14:00,"(02:00)""",DR.,FAEZAH,BINTI,KASSIM
GIG1012,PHILOSOPHY,AND,CURRENT,ISSUES,11,ONL,"""WEDNESDAY"
12:00,-,14:00,"(02:00)""",DR.,FAEZAH,BINTI,KASSIM
GIG1012,PHILOSOPHY,AND,CURRENT,ISSUES,12,ONL,"""WEDNESDAY"
12:00,-,14:00,"(02:00)""",DR.,FARIDAH,BINTI,CHE,HUSAIN
GIG1012,PHILOSOPHY,AND,CURRENT,ISSUES,13,ONL,"""WEDNESDAY"
12:00,-,14:00,"(02:00)""",DR.,FARIDAH,BINTI,CHE,HUSAIN
GIG1012,PHILOSOPHY,AND,CURRENT,ISSUES,14,ONL,"""THURSDAY"
12:00,-,14:00,"(02:00)""",DR.,FAEZAH,BINTI,KASSIM
GIG1012,PHILOSOPHY,AND,CURRENT,ISSUES,15,ONL,"""THURSDAY"
12:00,-,14:00,"(02:00)""",DR.,FAEZAH,BINTI,KASSIM
GIG1012,PHILOSOPHY,AND,CURRENT,ISSUES,18,ONL,"""FRIDAY"
09:00,-,11:00,"(02:00)""",DR.,FARIDAH,BINTI,CHE,HUSAIN
GIG1012,PHILOSOPHY,AND,CURRENT,ISSUES,2,ONL,"""TUESDAY"
12:00,-,14:00,"(02:00)""",DR.,FARIDAH,BINTI,CHE,HUSAIN
GIG1012,PHILOSOPHY,AND,CURRENT,ISSUES,3,ONL,"""TUESDAY"
12:00,-,14:00,"(02:00)""",DR.,FAEZAH,BINTI,KASSIM
GIG1012,PHILOSOPHY,AND,CURRENT,ISSUES,4,ONL,"""TUESDAY"
12:00,-,14:00,"(02:00)""",DR.,FAEZAH,BINTI,KASSIM
GIG1012,PHILOSOPHY,AND,CURRENT,ISSUES,7,ONL,"""TUESDAY"
12:00,-,14:00,"(02:00)""",DR.,FARIDAH,BINTI,CHE,HUSAIN
GIG1012,PHILOSOPHY,AND,CURRENT,ISSUES,8,ONL,"""TUESDAY"
12:00,-,14:00,"(02:00)""",DR.,FARIDAH,BINTI,CHE,HUSAIN
GIG1013,APPRECIATION,OF,ETHICS,AND,CIVILISATIONS,10,ONL,"""WEDNESDAY"
12:00,-,14:00,"(02:00)""",DR.,NOOR,AIN,BINTI,MAT,NOOR
GIG1013,APPRECIATION,OF,ETHICS,AND,CIVILISATIONS,11,ONL,"""WEDNESDAY"
12:00,-,14:00,"(02:00)""",DR.,NOOR,AIN,BINTI,MAT,NOOR
GIG1013,APPRECIATION,OF,ETHICS,AND,CIVILISATIONS,12,ONL,"""WEDNESDAY"
12:00,-,14:00,"(02:00)""",DR.,NOOR,AIN,BINTI,MAT,NOOR
GIG1013,APPRECIATION,OF,ETHICS,AND,CIVILISATIONS,14,ONL,"""THURSDAY"
12:00,-,14:00,"(02:00)""",DR.,NOOR,AIN,BINTI,MAT,NOOR
GIG1013,APPRECIATION,OF,ETHICS,AND,CIVILISATIONS,15,ONL,"""THURSDAY"
12:00,-,14:00,"(02:00)""",DR.,MUHAMMAD,SHAMSHINOR,BIN,ABDUL,AZZIS
GIG1013,APPRECIATION,OF,ETHICS,AND,CIVILISATIONS,16,ONL,"""THURSDAY"
12:00,-,14:00,"(02:00)""",DR.,MUHAMMAD,SHAMSHINOR,BIN,ABDUL,AZZIS
GIG1013,APPRECIATION,OF,ETHICS,AND,CIVILISATIONS,18,ONL,"""THURSDAY"
12:00,-,14:00,"(02:00)""",DR.,NOOR,AIN,BINTI,MAT,NOOR
GIG1013,APPRECIATION,OF,ETHICS,AND,CIVILISATIONS,2,ONL,"""TUESDAY"
12:00,-,14:00,"(02:00)""",DR.,NOOR,AIN,BINTI,MAT,NOOR
GIG1013,APPRECIATION,OF,ETHICS,AND,CIVILISATIONS,3,ONL,"""TUESDAY"
12:00,-,14:00,"(02:00)""",DR.,MUHAMMAD,SHAMSHINOR,BIN,ABDUL,AZZIS
GIG1013,APPRECIATION,OF,ETHICS,AND,CIVILISATIONS,4,ONL,"""TUESDAY"
12:00,-,14:00,"(02:00)""",DR.,MUHAMMAD,SHAMSHINOR,BIN,ABDUL,AZZIS
GIG1013,APPRECIATION,OF,ETHICS,AND,CIVILISATIONS,5,ONL,"""TUESDAY"
12:00,-,14:00,"(02:00)""",DR.,NOOR,AIN,BINTI,MAT,NOOR
GIG1013,APPRECIATION,OF,ETHICS,AND,CIVILISATIONS,6,ONL,"""TUESDAY"
12:00,-,14:00,"(02:00)""",DR.,NOOR,AIN,BINTI,MAT,NOOR
GIG1013,APPRECIATION,OF,ETHICS,AND,CIVILISATIONS,7,ONL,"""TUESDAY"
12:00,-,14:00,"(02:00)""",DR.,NOOR,AIN,BINTI,MAT,NOOR
GIG1013,APPRECIATION,OF,ETHICS,AND,CIVILISATIONS,8,ONL,"""WEDNESDAY"
12:00,-,14:00,"(02:00)""",DR.,NOOR,AIN,BINTI,MAT,NOOR
GIG1013,APPRECIATION,OF,ETHICS,AND,CIVILISATIONS,9,ONL,"""WEDNESDAY"
12:00,-,14:00,"(02:00)""",DR.,NOOR,AIN,BINTI,MAT,NOOR
GII2002,BASICS,OF,ISLAMIC,FAMILIES,1,LEC,"""MONDAY"
10:00,-,11:50,"(01:50)""",DR.,BAHIYAH,BINTI,AHMAD
GII2002,BASICS,OF,ISLAMIC,FAMILIES,1,LEC,"""MONDAY"
10:00,-,11:50,"(01:50)""",DR.,MAHAMATAYUDING,SAMAH
GII2002,BASICS,OF,ISLAMIC,FAMILIES,1,LEC,"""MONDAY"
10:00,-,11:50,"(01:50)""",DR.,MOHAMAD,AZRIEN,BIN,MOHAMED,ADNAN,BS,JSU,API
GIM1001,BASIC,PARASITOLOGY,1,LEC,"""WEDNESDAY"
10:00,-,12:00,"(02:00)""",PROF.,DR.,LAU,YEE,LING,BS,JSU,API
GIM1001,BASIC,PARASITOLOGY,1,LEC,"""WEDNESDAY"
10:00,-,12:00,"(02:00)""",ASSOCIATE,PROF.,DR.,ROMANO,NGUI,BS,JSU,API
GIM1001,BASIC,PARASITOLOGY,1,LEC,"""WEDNESDAY"
10:00,-,12:00,"(02:00)""",ASSOCIATE,PROF.,DR.,WAN,YUSOFF,BIN,WAN,SULAIMAN,B,SRI,INAI,FOM
GIM1001,BASIC,PARASITOLOGY,1,LEC,"""WEDNESDAY"
10:00,-,12:00,"(02:00)""",DR.,CHEONG,FEI,WEN,B,SRI,INAI,FOM
GIM1001,BASIC,PARASITOLOGY,1,LEC,"""WEDNESDAY"
10:00,-,12:00,"(02:00)""",DR.,AMIRAH,BINTI,AMIR,B,SRI,INAI,FOM
GIM1001,BASIC,PARASITOLOGY,1,LEC,"""WEDNESDAY"
10:00,-,12:00,"(02:00)""",DR.,WAHIB,MOHAMMED,MOHSEN,ATROOSH,B,SRI,INAI,FOM
GIM2001,YOUR,BODY,AND,ITS,HEALTH,1,ONL,"""THURSDAY"
08:00,-,10:00,"(02:00)""",DR.,RAJA,ELINA,AFZAN,BINTI,RAJA,AHMAD,B,SRI,INAI,FOM
GIM2001,YOUR,BODY,AND,ITS,HEALTH,1,ONL,"""THURSDAY"
08:00,-,10:00,"(02:00)""",DR.,THAMIL,SELVEE,A/P,RAMASAMY,B,SRI,INAI,FOM
GIM2001,YOUR,BODY,AND,ITS,HEALTH,1,ONL,"""THURSDAY"
08:00,-,10:00,"(02:00)""",DR.,GIRIBABU,NELLI
GIM2001,YOUR,BODY,AND,ITS,HEALTH,1,ONL,"""THURSDAY"
08:00,-,10:00,"(02:00)""",DR.,KYAIMON,MYINT
GIM2001,YOUR,BODY,AND,ITS,HEALTH,1,ONL,"""THURSDAY"
08:00,-,10:00,"(02:00)""",DR.,MAZIAH,BINTI,MAT,ROSLY
GIM2001,YOUR,BODY,AND,ITS,HEALTH,1,ONL,"""THURSDAY"
08:00,-,10:00,"(02:00)""",ASSOCIATE,PROF.,DR.,SHATRAH,BINTI,OTHMAN
GIM2001,YOUR,BODY,AND,ITS,HEALTH,1,ONL,"""THURSDAY"
08:00,-,10:00,"(02:00)""",PROF.,DR.,AZLINA,BINTI,ABDUL,AZIZ
GIM2001,YOUR,BODY,AND,ITS,HEALTH,1,ONL,"""THURSDAY"
08:00,-,10:00,"(02:00)""",PROF.,DR.,SARNI,BINTI,MAT,JUNIT
GIM2001,YOUR,BODY,AND,ITS,HEALTH,1,ONL,"""THURSDAY"
08:00,-,10:00,"(02:00)""",ASSOCIATE,PROF.,DR.,HOE,SEE,ZIAU
GIM2001,YOUR,BODY,AND,ITS,HEALTH,1,ONL,"""THURSDAY"
08:00,-,10:00,"(02:00)""",PROF.,DR.,FUNG,SHIN,YEE
GIM2001,YOUR,BODY,AND,ITS,HEALTH,1,ONL,"""THURSDAY"
08:00,-,10:00,"(02:00)""",DR.,FELICITA,FEDELIS,A/P,JUSOF
GIM2001,YOUR,BODY,AND,ITS,HEALTH,1,ONL,"""THURSDAY"
08:00,-,10:00,"(02:00)""",DR.,LEO,BEY,FEN
GIM2001,YOUR,BODY,AND,ITS,HEALTH,1,ONL,"""THURSDAY"
08:00,-,10:00,"(02:00)""",ASSOCIATE,PROF.,DR.,TAN,KAE,YI
GIM2001,YOUR,BODY,AND,ITS,HEALTH,1,ONL,"""THURSDAY"
08:00,-,10:00,"(02:00)""",ASSOCIATE,PROF.,DR.,PUTERI,SHAFINAZ,AKMAR,BINTI,ABDUL,RAHMAN
GIM2001,YOUR,BODY,AND,ITS,HEALTH,1,ONL,"""THURSDAY"
08:00,-,10:00,"(02:00)""",DR.,LIT,LEI,CHENG
GIM2001,YOUR,BODY,AND,ITS,HEALTH,1,ONL,"""THURSDAY"
08:00,-,10:00,"(02:00)""",ASSOCIATE,PROF.,DR.,MUHAMMAD,FAZRIL,BIN,MOHAMAD,RAZIF
GIM2002,HEALTH,,DISEASE,AND,LIFESTYLE,1,ONL,"""TUESDAY"
14:00,-,17:00,"(03:00)""",PROF.,DR.,NORAN,NAQIAH,BINTI,MOHD,HAIRI
GIM2002,HEALTH,,DISEASE,AND,LIFESTYLE,1,ONL,"""TUESDAY"
14:00,-,17:00,"(03:00)""",DR.,NG,AI,KAH
GIM2002,HEALTH,,DISEASE,AND,LIFESTYLE,1,ONL,"""TUESDAY"
14:00,-,17:00,"(03:00)""",PROF.,DR.,MAZNAH,BINTI,DAHLUI
GIM2002,HEALTH,,DISEASE,AND,LIFESTYLE,1,ONL,"""TUESDAY"
14:00,-,17:00,"(03:00)""",PROF.,DR.,VICTOR,HOE,CHEE,WAI,BIN,ABDULLAH
GIM2002,HEALTH,,DISEASE,AND,LIFESTYLE,1,ONL,"""TUESDAY"
14:00,-,17:00,"(03:00)""",DR.,MASLINOR,BINTI,ISMAIL
GIM2002,HEALTH,,DISEASE,AND,LIFESTYLE,1,ONL,"""TUESDAY"
14:00,-,17:00,"(03:00)""",ASSOCIATE,PROF.,DR.,NASRIN,AGHA,MOHAMMADI
GIM2002,HEALTH,,DISEASE,AND,LIFESTYLE,1,ONL,"""TUESDAY"
14:00,-,17:00,"(03:00)""",PROF.,DR.,NIRMALA,A/P,BHOO,PATHY
GIM2002,HEALTH,,DISEASE,AND,LIFESTYLE,1,ONL,"""TUESDAY"
14:00,-,17:00,"(03:00)""",DR.,LIM,SIN,HOW
GIM2002,HEALTH,,DISEASE,AND,LIFESTYLE,1,ONL,"""TUESDAY"
14:00,-,17:00,"(03:00)""",ASSOCIATE,PROF.,DR.,FARIZAH,BINTI,MOHD,HAIRI
GIM2002,HEALTH,,DISEASE,AND,LIFESTYLE,1,ONL,"""TUESDAY"
14:00,-,17:00,"(03:00)""",DR.,LIM,YIN,CHENG
GIM2002,HEALTH,,DISEASE,AND,LIFESTYLE,1,ONL,"""TUESDAY"
14:00,-,17:00,"(03:00)""",PROF.,DR.,WONG,LI,PING
GIM2003,INTRODUCTION,TO,INFECTIOUS,DISEASES,1,ONL,"""MONDAY"
11:00,-,13:00,"(02:00)""",DR.,KUMUTHA,MALAR,A/P,VELLASAMY
GIM2003,INTRODUCTION,TO,INFECTIOUS,DISEASES,1,ONL,"""MONDAY"
11:00,-,13:00,"(02:00)""",DR.,ANIS,RAGEH,MOHAMMED,AL-MALEKI
GIM2003,INTRODUCTION,TO,INFECTIOUS,DISEASES,1,ONL,"""MONDAY"
11:00,-,13:00,"(02:00)""",ASSOCIATE,PROF.,DR.,CHANG,LI,YEN
GIM2003,INTRODUCTION,TO,INFECTIOUS,DISEASES,1,ONL,"""MONDAY"
11:00,-,13:00,"(02:00)""",ASSOCIATE,PROF.,DR.,TEE,KOK,KENG
GIM2003,INTRODUCTION,TO,INFECTIOUS,DISEASES,1,ONL,"""MONDAY"
11:00,-,13:00,"(02:00)""",DR.,NURHAFIZA,BINTI,ZAINAL
GIM2003,INTRODUCTION,TO,INFECTIOUS,DISEASES,1,ONL,"""MONDAY"
11:00,-,13:00,"(02:00)""",PROF.,DR.,CHAN,YOKE,FUN
GIM2003,INTRODUCTION,TO,INFECTIOUS,DISEASES,1,ONL,"""MONDAY"
11:00,-,13:00,"(02:00)""",ASSOCIATE,PROF.,DR.,WONG,WON,FEN
GIM2003,INTRODUCTION,TO,INFECTIOUS,DISEASES,1,ONL,"""MONDAY"
11:00,-,13:00,"(02:00)""",ASSOCIATE,PROF.,DR.,CHANDRAMATHI,A/P,SAMUDI,@,RAJU
GIR1001,INTRODUCTION,TO,MALAYSIAN,TRADITIONAL,MUSIC,1-Jan,LEC,"""TUESDAY"
11:00,-,13:00,"(02:00)""",MR.,ROZAINIE,BIN,HASHIM
GIR1002,INTRODUCTION,TO,THEATRE,1,LEC,"""THURSDAY"
10:00,-,12:00,"(02:00)""",DR.,SHAHNAZ,BINTI,MOHD,BALDEV,SHAH
GIR1003,INTRODUCTION,MALAY,FOLK,DANCE,1,LEC,"""TUESDAY"
14:00,-,16:00,"(02:00)""",MR.,MOHD,HAIRIL,ANUAR,BIN,BARI,BS,1,PK
GIR1003,INTRODUCTION,MALAY,FOLK,DANCE,1M,LEC,"""TUESDAY"
14:00,-,16:00,"(02:00)""",MR.,MOHD,HAIRIL,ANUAR,BIN,BARI,BENSEMBEL,PE,PK
GIS1002,GREEN,CHEMISTRY,1,LEC,"""TUESDAY"
14:00,-,16:00,"(02:00)""",DR.,MUHAMAD,AQMAL,BIN,OTHMAN,BLACK,BOX,PE,PK
GIS1002,GREEN,CHEMISTRY,1,LEC,"""TUESDAY"
14:00,-,16:00,"(02:00)""",ASSOCIATE,PROF.,DR.,NORAINI,BINTI,AHMAD,BLACK,BOX,PE,PK
GIS1006,ASTRONOMY,AND,THE,UNIVERSE,1,LEC,"""TUESDAY"
17:00,-,18:00,"(01:00)""",DR.,NAZHATULSHIMA,BINTI,AHMAD,DK,TERATAI,FS
GIS1006,ASTRONOMY,AND,THE,UNIVERSE,1,LEC,"""THURSDAY"
17:00,-,18:00,"(01:00)""",DR.,NAZHATULSHIMA,BINTI,AHMAD,DK,TERATAI,FS
GIS2002,PRINCIPLES,OF,CONSERVATION,1,LEC,"""FRIDAY"
09:00,-,10:50,"(01:50)""",DR.,POZI,ANAK,MILOW,DK,1,FS
GIT1001,ELEMENTARY,ARABIC,1,ONL,"""MONDAY"
08:00,-,09:50,"(01:50)""",MISS,ZAZMIN,BINTI,ABU,BAKAR,DK,1,FS
GIT1001,ELEMENTARY,ARABIC,2,ONL,"""MONDAY"
16:00,-,17:50,"(01:50)""",MISS,ZAZMIN,BINTI,ABU,BAKAR,BT,SA2,ISB,FS
GIT1001,ELEMENTARY,ARABIC,3,ONL,"""TUESDAY"
08:00,-,09:50,"(01:50)""",MISS,ZAZMIN,BINTI,ABU,BAKAR
GIT1001,ELEMENTARY,ARABIC,4,ONL,"""TUESDAY"
16:00,-,17:50,"(01:50)""",MISS,ZAZMIN,BINTI,ABU,BAKAR
GIT1001,ELEMENTARY,ARABIC,5,ONL,"""WEDNESDAY"
08:00,-,09:50,"(01:50)""",MISS,ZAZMIN,BINTI,ABU,BAKAR
GIT1001,ELEMENTARY,ARABIC,6,ONL,"""WEDNESDAY"
16:00,-,17:50,"(01:50)""",MISS,ZAZMIN,BINTI,ABU,BAKAR
GIT1001,ELEMENTARY,ARABIC,7,ONL,"""THURSDAY"
08:00,-,09:50,"(01:50)""",MISS,ZAZMIN,BINTI,ABU,BAKAR
GIT1001,ELEMENTARY,ARABIC,8,ONL,"""THURSDAY"
16:00,-,17:50,"(01:50)""",MISS,ZAZMIN,BINTI,ABU,BAKAR
GIT1002,INTERMEDIATE,ARABIC,LANGUAGE,1,ONL,"""MONDAY"
08:00,-,09:50,"(01:50)""",MR.,MOHD,KHAIRUL,AKHBAR,BIN,JAHIRUDDIN
GIT1002,INTERMEDIATE,ARABIC,LANGUAGE,2,ONL,"""MONDAY"
16:00,-,17:50,"(01:50)""",MR.,MOHD,KHAIRUL,AKHBAR,BIN,JAHIRUDDIN
GIT1002,INTERMEDIATE,ARABIC,LANGUAGE,3,ONL,"""TUESDAY"
08:00,-,09:50,"(01:50)""",MR.,MOHD,KHAIRUL,AKHBAR,BIN,JAHIRUDDIN
GIT1002,INTERMEDIATE,ARABIC,LANGUAGE,4,ONL,"""TUESDAY"
16:00,-,17:50,"(01:50)""",MR.,MOHD,KHAIRUL,AKHBAR,BIN,JAHIRUDDIN
GIT1002,INTERMEDIATE,ARABIC,LANGUAGE,5,ONL,"""WEDNESDAY"
08:00,-,09:50,"(01:50)""",MR.,MOHD,KHAIRUL,AKHBAR,BIN,JAHIRUDDIN
GIT1002,INTERMEDIATE,ARABIC,LANGUAGE,6,ONL,"""WEDNESDAY"
16:00,-,17:50,"(01:50)""",MR.,MOHD,KHAIRUL,AKHBAR,BIN,JAHIRUDDIN
GIT1002,INTERMEDIATE,ARABIC,LANGUAGE,7,ONL,"""THURSDAY"
08:00,-,09:50,"(01:50)""",MR.,MOHD,KHAIRUL,AKHBAR,BIN,JAHIRUDDIN
GIT1002,INTERMEDIATE,ARABIC,LANGUAGE,8,ONL,"""THURSDAY"
16:00,-,17:50,"(01:50)""",MR.,MOHD,KHAIRUL,AKHBAR,BIN,JAHIRUDDIN
GIT1003,BASIC,CHINESE,LANGUAGE,1RL,ONL,"""TUESDAY"
08:00,-,10:00,"(02:00)""",MR.,YONG,ZHIEN,BAO
GIT1003,BASIC,CHINESE,LANGUAGE,2RL,ONL,"""TUESDAY"
16:00,-,18:00,"(02:00)""",MR.,YONG,ZHIEN,BAO
GIT1003,BASIC,CHINESE,LANGUAGE,3RL,ONL,"""THURSDAY"
16:00,-,18:00,"(02:00)""",MR.,YONG,ZHIEN,BAO
GIT1003,BASIC,CHINESE,LANGUAGE,4RL,ONL,"""FRIDAY"
08:00,-,10:00,"(02:00)""",MR.,YONG,ZHIEN,BAO
GIT1003,BASIC,CHINESE,LANGUAGE,5RL,ONL,"""THURSDAY"
08:00,-,10:00,"(02:00)""",MR.,YONG,ZHIEN,BAO
GIT1004,BASIC,JAPANESE,LANGUAGE,1,LEC,"""MONDAY"
08:00,-,10:00,"(02:00)""",DR.,ONG,SHYI,NIAN
GIT1004,BASIC,JAPANESE,LANGUAGE,10,LEC,"""TUESDAY"
12:00,-,14:00,"(02:00)""",DR.,JAMILA,BINTI,MOHD
GIT1004,BASIC,JAPANESE,LANGUAGE,11,LEC,"""TUESDAY"
08:00,-,10:00,"(02:00)""",DR.,ONG,SHYI,NIAN,BT,SAC,1,FBL
GIT1004,BASIC,JAPANESE,LANGUAGE,2,LEC,"""TUESDAY"
12:00,-,14:00,"(02:00)""",DR.,ONG,SHYI,NIAN,BT,SAC,3,FBL
GIT1004,BASIC,JAPANESE,LANGUAGE,3,LEC,"""MONDAY"
12:00,-,14:00,"(02:00)""",MADAM,RIE,KITADE,BT,SAC,1,FBL
GIT1004,BASIC,JAPANESE,LANGUAGE,4,LEC,"""TUESDAY"
12:00,-,14:00,"(02:00)""",MADAM,RIE,KITADE,BT,SAC,1,FBL
GIT1004,BASIC,JAPANESE,LANGUAGE,5,LEC,"""WEDNESDAY"
12:00,-,14:00,"(02:00)""",MADAM,RIE,KITADE,BS,LBAYUNG,FBL
GIT1004,BASIC,JAPANESE,LANGUAGE,6,LEC,"""WEDNESDAY"
08:00,-,10:00,"(02:00)""",DR.,WONG,NGAN,LING,BS,LBAYUNG,FBL
GIT1004,BASIC,JAPANESE,LANGUAGE,7,LEC,"""WEDNESDAY"
10:00,-,12:00,"(02:00)""",DR.,WONG,NGAN,LING,BS,LBAYUNG,FBL
GIT1004,BASIC,JAPANESE,LANGUAGE,8,LEC,"""WEDNESDAY"
14:00,-,16:00,"(02:00)""",DR.,WONG,NGAN,LING,BT,SAC,1,FBL
GIT1004,BASIC,JAPANESE,LANGUAGE,9,LEC,"""TUESDAY"
10:00,-,12:00,"(02:00)""",DR.,JAMILA,BINTI,MOHD,BT,SAC,1,FBL
GIT1005,BASIC,GERMAN,LANGUAGE,1,ONL,"""MONDAY"
16:00,-,17:50,"(01:50)""",MISS,KOH,YI,CHERN,MKOMP,MBATU,FBL
GIT1005,BASIC,GERMAN,LANGUAGE,2,ONL,"""TUESDAY"
08:00,-,09:50,"(01:50)""",MISS,KOH,YI,CHERN,BT,SAC,3,FBL
GIT1005,BASIC,GERMAN,LANGUAGE,3,ONL,"""TUESDAY"
16:00,-,17:50,"(01:50)""",MISS,KOH,YI,CHERN
GIT1005,BASIC,GERMAN,LANGUAGE,4,ONL,"""WEDNESDAY"
08:00,-,09:50,"(01:50)""",MISS,KOH,YI,CHERN
GIT1006,BASIC,KOREAN,LANGUAGE,1,ONL,"""MONDAY"
10:00,-,12:00,"(02:00)""",MISS,WONG,YAN,YEE
GIT1006,BASIC,KOREAN,LANGUAGE,2,ONL,"""MONDAY"
14:00,-,16:00,"(02:00)""",MISS,WONG,YAN,YEE
GIT1006,BASIC,KOREAN,LANGUAGE,3,ONL,"""TUESDAY"
10:00,-,12:00,"(02:00)""",MISS,WONG,YAN,YEE
GIT1006,BASIC,KOREAN,LANGUAGE,4,ONL,"""TUESDAY"
14:00,-,16:00,"(02:00)""",MISS,WONG,YAN,YEE
GIT1006,BASIC,KOREAN,LANGUAGE,5,ONL,"""WEDNESDAY"
10:00,-,12:00,"(02:00)""",MISS,WONG,YAN,YEE
GIT1006,BASIC,KOREAN,LANGUAGE,6,ONL,"""WEDNESDAY"
14:00,-,16:00,"(02:00)""",MISS,WONG,YAN,YEE
GIT1006,BASIC,KOREAN,LANGUAGE,7,ONL,"""MONDAY"
14:00,-,16:00,"(02:00)""",ASSOCIATE,PROF.,DR.,KEUM,HYUN,KIM
GIT1006,BASIC,KOREAN,LANGUAGE,8,ONL,"""WEDNESDAY"
10:00,-,12:00,"(02:00)""",ASSOCIATE,PROF.,DR.,KEUM,HYUN,KIM
GIT1006,BASIC,KOREAN,LANGUAGE,9,ONL,"""TUESDAY"
10:00,-,12:00,"(02:00)""",DR.,KIM,BO-KYOUNG
GIT1007,BASIC,PORTUGUESE,LANGUAGE,1,ONL,"""MONDAY"
10:00,-,12:00,"(02:00)""",MR.,JAMIAN,BIN,MOHAMAD
GIT1007,BASIC,PORTUGUESE,LANGUAGE,2,ONL,"""TUESDAY"
10:00,-,12:00,"(02:00)""",MR.,JAMIAN,BIN,MOHAMAD
GIT1007,BASIC,PORTUGUESE,LANGUAGE,3,ONL,"""WEDNESDAY"
10:00,-,12:00,"(02:00)""",MR.,JAMIAN,BIN,MOHAMAD
GIV1001,HISTORY,AND,SOCIOLOGY,OF,SPORT,1,LEC,"""THURSDAY"
17:00,-,19:00,"(02:00)""",ASSOCIATE,PROF.,DR.,KHOO,PHAIK,LIN,SELINA
GIV1001,HISTORY,AND,SOCIOLOGY,OF,SPORT,1M,LEC,"""THURSDAY"
17:00,-,19:00,"(02:00)""",ASSOCIATE,PROF.,DR.,KHOO,PHAIK,LIN,SELINA
GIX2001,ARMY,ROTU,LEVEL,2,1,LEC,"""SATURDAY"
14:00,-,16:00,"(02:00)""",MR.,MOHD,NASARIZAL,BIN,NAZARUDDIN,VDK,A,PSSE
GIX2002,NAVY,ROTU,LEVEL,2,1,LEC,"""SUNDAY"
16:00,-,18:00,"(02:00)""",MR.,MOHD,NASARIZAL,BIN,NAZARUDDIN,VDK,A,PSSE
GIX2003,SUKSIS,LEVEL,2,1,LEC,"""SATURDAY"
08:00,-,17:00,"(09:00)""",MR.,SAIFULZAMAN,BIN,ZAHARIMAN,BKP2
GIX2003,SUKSIS,LEVEL,2,1,LEC,"""SUNDAY"
08:00,-,17:00,"(09:00)""",MR.,SAIFULZAMAN,BIN,ZAHARIMAN,BKP2
GIX3001,ARMY,ROTU,LEVEL,3,1,LEC,"""SATURDAY"
12:00,-,14:00,"(02:00)""",MR.,MOHD,NASARIZAL,BIN,NAZARUDDIN,DPKP,4,Siswa
GIX3002,NAVY,ROTU,LEVEL,3,1,LEC,"""SUNDAY"
16:00,-,18:00,"(02:00)""",MR.,MOHD,NASARIZAL,BIN,NAZARUDDIN,DPKP,4,Siswa
GIX3003,SUKSIS,LEVEL,3,1,LEC,"""SATURDAY"
08:00,-,17:00,"(09:00)""",MR.,SAIFULZAMAN,BIN,ZAHARIMAN,BK,3,PALAPES
GIX3003,SUKSIS,LEVEL,3,1,LEC,"""SUNDAY"
08:00,-,17:00,"(09:00)""",MR.,SAIFULZAMAN,BIN,ZAHARIMAN,BK,3,PALAPES
GKA1001,ATTACH@INDUSTRY,1,""""
-,"()""",DPKP,4,Siswa
GKI1001,INDEPENDENT,RESEARCH,1,""""
-,"()""",DPKP,4,Siswa
GKK1001,COMMUNITY,SERVICE,1,""""
-,"()"""
GKN1006,ARMY,ROTU,LEVEL,1,1,LEC,"""SATURDAY"
08:00,-,10:00,"(02:00)""",MR.,MOHD,NASARIZAL,BIN,NAZARUDDIN
GKN1007,NAVY,ROTU,LEVEL,1,1,LEC,"""SUNDAY"
10:00,-,12:00,"(02:00)""",MR.,MOHD,NASARIZAL,BIN,NAZARUDDIN
GKN1008,SUKSIS,LEVEL,1,1,LEC,"""SATURDAY"
08:00,-,17:00,"(09:00)""",MR.,SAIFULZAMAN,BIN,ZAHARIMAN,BKP1
GKN1008,SUKSIS,LEVEL,1,1,LEC,"""SUNDAY"
08:00,-,17:00,"(09:00)""",MR.,SAIFULZAMAN,BIN,ZAHARIMAN,BKP1
GKP1001,TALENT,DEVELOPMENT,1,""""
-,"()""",DPKP,4,Siswa
GKS1001,VOLUNTEERISM,1,""""
-,"()""",DPKP,4,Siswa
GKU1001,ENTREPRENEURSHIP,1,""""
-,"()"""
GLT1001,ELEMENTARY,MALAY,1M,LEC,"""MONDAY"
16:00,-,18:50,"(02:50)""",MADAM,NUR,AFIFAH,BINTI,ABDUL,RAHMAN,HALAWA
GLT1001,ELEMENTARY,MALAY,2M,LEC,"""TUESDAY"
16:00,-,18:50,"(02:50)""",MADAM,NUR,AFIFAH,BINTI,ABDUL,RAHMAN,HALAWA
GLT1001,ELEMENTARY,MALAY,3M,LEC,"""WEDNESDAY"
16:00,-,18:50,"(02:50)""",MR.,AHMAD,SABRI,B,ABDUL,SAMAT,@,ABDUL,SAMAD,BS,MERSAWA,FBL
GLT1002,MASTERING,ENGLISH,I,1,ONL,"""TUESDAY"
17:00,-,19:00,"(02:00)""",MR.,RATA,MOHAN,A/L,M,KARUPPIAH
GLT1003,MASTERING,ENGLISH,II,1,ONL,"""TUESDAY"
17:00,-,19:00,"(02:00)""",MR.,KAMARAZAMAN,BIN,MD,SAID,BS,MERSAWA,FBL
GLT1004,MASTERING,ENGLISH,III,1,ONL,"""MONDAY"
17:00,-,19:00,"(02:00)""",MR.,KAMARAZAMAN,BIN,MD,SAID
GLT1004,MASTERING,ENGLISH,III,2,ONL,"""MONDAY"
17:00,-,19:00,"(02:00)""",MADAM,NINA,AINUN,BINTI,HAMDAN
GLT1004,MASTERING,ENGLISH,III,3,ONL,"""THURSDAY"
18:00,-,20:00,"(02:00)""",MR.,KAMARAZAMAN,BIN,MD,SAID
GLT1005,MASTERING,ENGLISH,IV,1,ONL,"""THURSDAY"
17:00,-,20:00,"(03:00)""",MR.,FARRIL,DANIEL,BIN,ZAINAL
GLT1005,MASTERING,ENGLISH,IV,2,ONL,"""TUESDAY"
17:00,-,20:00,"(03:00)""",WONG,SOOK,KWUN
GLT1005,MASTERING,ENGLISH,IV,3,ONL,"""WEDNESDAY"
17:00,-,20:00,"(03:00)""",MADAM,NINA,AINUN,BINTI,HAMDAN
GLT1006,MASTERING,ENGLISH,V,1,ONL,"""TUESDAY"
14:00,-,17:00,"(03:00)""",MADAM,AZRINA,WATI,BINTI,MAZLAN
GLT1006,MASTERING,ENGLISH,V,2,ONL,"""TUESDAY"
17:00,-,20:00,"(03:00)""",MADAM,AZRINA,WATI,BINTI,MAZLAN
GLT1006,MASTERING,ENGLISH,V,3,ONL,"""WEDNESDAY"
14:00,-,17:00,"(03:00)""",MADAM,NURULAIN,BINTI,SULAIMAN
GLT1006,MASTERING,ENGLISH,V,4,ONL,"""WEDNESDAY"
17:00,-,20:00,"(03:00)""",MADAM,AZRINA,WATI,BINTI,MAZLAN
GLT1006,MASTERING,ENGLISH,V,5,ONL,"""THURSDAY"
14:00,-,17:00,"(03:00)""",MADAM,AZRINA,WATI,BINTI,MAZLAN
GLT1009,MASTERING,ENGLISH,VI,1,ONL,"""MONDAY"
10:00,-,13:00,"(03:00)""",MADAM,KIRANJEET,KAUR,A/P,MUKHTIAR,SINGH
GLT1009,MASTERING,ENGLISH,VI,2,ONL,"""MONDAY"
14:00,-,17:00,"(03:00)""",MADAM,KIRANJEET,KAUR,A/P,MUKHTIAR,SINGH
GLT1009,MASTERING,ENGLISH,VI,3,ONL,"""MONDAY"
14:00,-,17:00,"(03:00)""",MADAM,CHOO,WEE,LING
GLT1009,MASTERING,ENGLISH,VI,4,ONL,"""WEDNESDAY"
17:00,-,20:00,"(03:00)""",MR.,ANANDA,KUMAR,PETER,KIRBY,A/L,VINCENT
GLT1011,TECHNICAL,WRITING,SKILLS,IN,ENGLISH,1,ONL,"""MONDAY"
17:00,-,20:00,"(03:00)""",MR.,MAHER,VANN,SINGH,A/L,HARI,SINGH
GLT1011,TECHNICAL,WRITING,SKILLS,IN,ENGLISH,2,ONL,"""TUESDAY"
14:00,-,17:00,"(03:00)""",MR.,MAHER,VANN,SINGH,A/L,HARI,SINGH
GLT1011,TECHNICAL,WRITING,SKILLS,IN,ENGLISH,3,ONL,"""WEDNESDAY"
17:00,-,20:00,"(03:00)""",MR.,MAHER,VANN,SINGH,A/L,HARI,SINGH
GLT1011,TECHNICAL,WRITING,SKILLS,IN,ENGLISH,4,ONL,"""TUESDAY"
17:00,-,20:00,"(03:00)""",MR.,MAHER,VANN,SINGH,A/L,HARI,SINGH
GLT1012,PRESENTATION,SKILLS,IN,ENGLISH,1,ONL,"""MONDAY"
09:00,-,12:00,"(03:00)""",MISS,AINA,AZLIN,BINTI,MOHAMAT,ARIF
GLT1012,PRESENTATION,SKILLS,IN,ENGLISH,2,ONL,"""MONDAY"
14:00,-,17:00,"(03:00)""",MISS,AINA,AZLIN,BINTI,MOHAMAT,ARIF
GLT1012,PRESENTATION,SKILLS,IN,ENGLISH,3,ONL,"""WEDNESDAY"
09:00,-,12:00,"(03:00)""",MISS,AINA,AZLIN,BINTI,MOHAMAT,ARIF
GLT1012,PRESENTATION,SKILLS,IN,ENGLISH,4,ONL,"""WEDNESDAY"
17:00,-,20:00,"(03:00)""",MADAM,REMA,MENON
GLT1014,ADVANCED,COMMUNICATION,SKILLS,1,ONL,"""TUESDAY"
14:00,-,17:00,"(03:00)""",DR.,NOR,AZLINA,BINTI,MUHAMAD
GLT1014,ADVANCED,COMMUNICATION,SKILLS,2,ONL,"""TUESDAY"
17:00,-,20:00,"(03:00)""",DR.,NOR,AZLINA,BINTI,MUHAMAD
GLT1015,ADVANCED,PROFESSIONAL,WRITING,2,ONL,"""WEDNESDAY"
16:00,-,19:00,"(03:00)""",MR.,NG,GOON,HOONG,PETER
GLT1015,ADVANCED,PROFESSIONAL,WRITING,3,ONL,"""THURSDAY"
14:00,-,17:00,"(03:00)""",DR.,NOR,AZLINA,BINTI,MUHAMAD
GLT1015,ADVANCED,PROFESSIONAL,WRITING,4,ONL,"""THURSDAY"
14:00,-,17:00,"(03:00)""",MR.,MOHAMED,ISKANDAR,BIN,RAHMAD,SUKOR
GQA0020,LITERATURE,AND,GENDER,1,ONL,"""THURSDAY"
14:00,-,16:00,"(02:00)""",DR.,SHARIFAH,AISHAH,BINTI,OSMAN
GQA0020,LITERATURE,AND,GENDER,1,ONL,DR.,SHALINI,A/P,NADASWARAN
GQA0021,INTRODUCTION,TO,CHINESE,CULTURE,1,LEC,"""THURSDAY"
10:00,-,12:00,"(02:00)""",DR.,NGU,IK,TIEN
GQA0021,INTRODUCTION,TO,CHINESE,CULTURE,1,LEC,"""THURSDAY"
10:00,-,12:00,"(02:00)""",DR.,FLORENCE,KUEK,CHEE,WEE
GQA0022,BITE-SIZE,CLIMATE,ACTION,1,ONL,"""FRIDAY"
15:00,-,17:00,"(02:00)""",ASSOCIATE,PROF.,DR.,AMIRA,SARIYATI,BINTI,FIRDAUS,DK,C,FSSS
GQA0022,BITE-SIZE,CLIMATE,ACTION,1,ONL,"""FRIDAY"
15:00,-,17:00,"(02:00)""",DR.,SHEEBA,NETTUKANDY,CHENOLI,DK,C,FSSS
GQA0022,BITE-SIZE,CLIMATE,ACTION,1,ONL,"""FRIDAY"
15:00,-,17:00,"(02:00)""",ASSOCIATE,PROF.,DR.,HELENA,BINTI,MUHAMAD,VARKKEY
GQB0008,SUSTAINABLE,CONSTRUCTION,1,LEC,"""MONDAY"
11:00,-,13:00,"(02:00)""",DR.,NUR,MARDHIYAH,BINTI,AZIZ
GQC0017,INTRODUCTION,TO,CORPORATE,SOCIAL,RESPONSIBILITY,1,ONL,"""THURSDAY"
12:00,-,14:00,"(02:00)""",ASSOCIATE,PROF.,DR.,ZARINA,BINTI,ZAKARIA
GQE0011,DEMOCRACY,AND,SOCIETY,1,ONL,"""MONDAY"
12:00,-,14:00,"(02:00)""",DR.,KEVIN,FERNANDEZ,BK,5,FAB
GQE0011,DEMOCRACY,AND,SOCIETY,1M,ONL,"""MONDAY"
12:00,-,14:00,"(02:00)""",DR.,KEVIN,FERNANDEZ
GQI0001,FUNDAMENTALS,OF,ISLAMIC,POLITICAL,THOUGHT,1,LEC,"""TUESDAY"
10:00,-,11:50,"(01:50)""",DR.,RAJA,HISYAMUDIN,BIN,RAJA,SULONG
GQI0002,ISLAMIC,LAW,AND,GLOBAL,ISSUES,1,LEC,"""TUESDAY"
14:00,-,15:00,"(01:00)""",ASSOCIATE,PROF.,DR.,RAHIMIN,AFFANDI,BIN,ABDUL,RAHIM
GQI0002,ISLAMIC,LAW,AND,GLOBAL,ISSUES,1,LEC,"""THURSDAY"
14:00,-,15:00,"(01:00)""",ASSOCIATE,PROF.,DR.,RAHIMIN,AFFANDI,BIN,ABDUL,RAHIM,BS,3,API
GQI0003,ISLAMIC,ECONOMIC,INSTITUTIONS,1,LEC,"""TUESDAY"
09:00,-,10:50,"(01:50)""",DR.,MOHAMMAD,TAQIUDDIN,BIN,MOHAMAD,BS,23,API
GQI0003,ISLAMIC,ECONOMIC,INSTITUTIONS,1,LEC,"""TUESDAY"
09:00,-,10:50,"(01:50)""",MR.,AZIZI,BIN,CHE,SEMAN,BS,23,API
GQI0003,ISLAMIC,ECONOMIC,INSTITUTIONS,1,LEC,"""TUESDAY"
09:00,-,10:50,"(01:50)""",ASSOCIATE,PROF.,DR.,ASMAK,BINTI,AB,RAHMAN,AUDI,APIUM
GQI0003,ISLAMIC,ECONOMIC,INSTITUTIONS,1,LEC,"""TUESDAY"
09:00,-,10:50,"(01:50)""",DR.,MOHD,SHAHID,BIN,MOHD,NOH,AUDI,APIUM
GQJ0004,MALAY,LANGUAGE,USAGE,IN,SOCIETY,1,LEC,"""TUESDAY"
14:00,-,16:00,"(02:00)""",DR.,NURUL,HANIZA,BINTI,SAMSUDIN,AUDI,APIUM
GQJ0007,INTRODUCTION,TO,MALAY,CULTURE,1,LEC,"""WEDNESDAY"
14:00,-,16:00,"(02:00)""",MR.,ZAMRE,BIN,ABU,HASSAN,AUDI,APIUM
GQP0014,EDUCATION,FOR,SUSTAINABLE,AND,SUSTAINABILITY,1,LEC,"""MONDAY"
14:00,-,16:00,"(02:00)""",DR.,CHUA,KAH,HENG,DK,TANJUNG,APM
GQP0015,GLOBAL,EDUCATION,1,LEC,"""THURSDAY"
09:00,-,11:00,"(02:00)""",DR.,MOHAMMAD,ISMATH,RAMZY,MOHAMMAD,ISMAIL,DK,TANJUNG,APM
GQP0016,COMPARING,EDUCATION,SYSTEMS,1,LEC,"""WEDNESDAY"
13:00,-,15:00,"(02:00)""",DR.,TEE,MENG,YEW,B,SEMINAR,D,FP
GQS0026,EARTH,NATURAL,RESOURCES,1,LEC,"""MONDAY"
09:00,-,10:00,"(01:00)""",DR.,HIJAZ,KAMAL,BIN,HASNAN,B,SEMINAR,C,FP
GQS0026,EARTH,NATURAL,RESOURCES,1,LEC,"""MONDAY"
09:00,-,10:00,"(01:00)""",ASSOCIATE,PROF.,DR.,AHMAD,FARID,BIN,ABU,BAKAR,BSEA206,FP
GQS0026,EARTH,NATURAL,RESOURCES,1,LEC,"""WEDNESDAY"
09:00,-,10:00,"(01:00)""",ASSOCIATE,PROF.,DR.,AHMAD,FARID,BIN,ABU,BAKAR,DK,GEOLOGI,FS
GQS0026,EARTH,NATURAL,RESOURCES,1,LEC,"""WEDNESDAY"
09:00,-,10:00,"(01:00)""",DR.,HIJAZ,KAMAL,BIN,HASNAN,DK,GEOLOGI,FS
GQT0039,COMMUNICATION,SKILLS,FOR,EMPLOYMENT,PURPOSES,1,ONL,"""TUESDAY"
16:00,-,18:00,"(02:00)""",MADAM,NOR,SYAKIRIN,BINTI,MOHAMED,NASRUDIN,DK,GEOLOGI,FS
GQT0040,QURANIC,LANGUAGE,1,ONL,"""MONDAY"
08:00,-,10:00,"(02:00)""",MR.,SYAZWAN,NAIM,BIN,IBRAHIM,DK,GEOLOGI,FS
GQT0040,QURANIC,LANGUAGE,2,ONL,"""MONDAY"
10:00,-,12:00,"(02:00)""",MR.,SYAZWAN,NAIM,BIN,IBRAHIM
GQT0040,QURANIC,LANGUAGE,3,ONL,"""MONDAY"
14:00,-,16:00,"(02:00)""",MR.,SYAZWAN,NAIM,BIN,IBRAHIM
GQT0040,QURANIC,LANGUAGE,4,ONL,"""TUESDAY"
08:00,-,10:00,"(02:00)""",MR.,SYAZWAN,NAIM,BIN,IBRAHIM
GQT0040,QURANIC,LANGUAGE,5,ONL,"""TUESDAY"
10:00,-,12:00,"(02:00)""",MR.,SYAZWAN,NAIM,BIN,IBRAHIM
GQT0040,QURANIC,LANGUAGE,6,ONL,"""TUESDAY"
14:00,-,16:00,"(02:00)""",MR.,SYAZWAN,NAIM,BIN,IBRAHIM
GQT0040,QURANIC,LANGUAGE,7,ONL,"""WEDNESDAY"
08:00,-,10:00,"(02:00)""",MR.,SYAZWAN,NAIM,BIN,IBRAHIM
GQT0041,ARABIC,LANGUAGE,AND,CULTURE,1,ONL,"""MONDAY"
10:00,-,12:00,"(02:00)""",MISS,HANAN,BT,SALEH
GQT0041,ARABIC,LANGUAGE,AND,CULTURE,2,ONL,"""MONDAY"
14:00,-,16:00,"(02:00)""",MISS,HANAN,BT,SALEH
GQT0041,ARABIC,LANGUAGE,AND,CULTURE,3,ONL,"""TUESDAY"
08:00,-,10:00,"(02:00)""",MISS,HANAN,BT,SALEH
GQT0041,ARABIC,LANGUAGE,AND,CULTURE,4,ONL,"""TUESDAY"
10:00,-,12:00,"(02:00)""",MISS,HANAN,BT,SALEH
GQT0041,ARABIC,LANGUAGE,AND,CULTURE,5,ONL,"""TUESDAY"
14:00,-,16:00,"(02:00)""",MISS,HANAN,BT,SALEH
GQT0041,ARABIC,LANGUAGE,AND,CULTURE,6,ONL,"""WEDNESDAY"
08:00,-,10:00,"(02:00)""",MISS,HANAN,BT,SALEH
GQT0041,ARABIC,LANGUAGE,AND,CULTURE,7,ONL,"""WEDNESDAY"
10:00,-,12:00,"(02:00)""",MISS,HANAN,BT,SALEH
GQT0042,CHINESE,LANGUAGE,AND,CULTURE,1,ONL,"""MONDAY"
16:00,-,18:00,"(02:00)""",DR.,LAU,SU,KIA
GQT0042,CHINESE,LANGUAGE,AND,CULTURE,2,ONL,"""TUESDAY"
08:00,-,10:00,"(02:00)""",DR.,LAU,SU,KIA
GQT0042,CHINESE,LANGUAGE,AND,CULTURE,3,ONL,"""TUESDAY"
16:00,-,18:00,"(02:00)""",DR.,LAU,SU,KIA
GQT0042,CHINESE,LANGUAGE,AND,CULTURE,4,ONL,"""WEDNESDAY"
16:00,-,18:00,"(02:00)""",DR.,LAU,SU,KIA
GQX0028,INTRODUCTION,TO,RELIGIOUS,DIALOGUE,1,LEC,"""MONDAY"
14:00,-,16:00,"(02:00)""",DR.,ALWANI,BINTI,GHAZALI
GQX0031,APPRECIATION,OF,MALAYSIAN,HERITAGE,DANCE,1,LEC,"""WEDNESDAY"
15:00,-,17:00,"(02:00)""",MR.,RITHAUDIN,BIN,ABD.,KADIR
GQX0035,INTRODUCTION,TO,DISABILITY,EQUALITY,TRAINING,1,ONL,"""THURSDAY"
16:30,-,18:30,"(02:00)""",MR.,MUHAMMAD,FIRDAUS,BIN,ABU,HASSAN
GQX0036,HERITAGE,OF,THE,ART,OF,CANTING,1,LEC,"""THURSDAY"
15:00,-,17:00,"(02:00)""",SIR,ZAKARIA,BIN,IDRIS
GQX0037,HERITAGE,OF,TRADITIONAL,CRAFT,1,LEC,"""FRIDAY"
16:00,-,18:00,"(02:00)""",MISS,NORZIELAWATIE,BT,HUSAIN
GQX0038,INTRODUCTION,TO,TOBACCO,CONTROL,1,LEC,"""TUESDAY"
14:00,-,16:00,"(02:00)""",PROF.,DR.,RAHIMAH,BINTI,ABDUL,KADIR,DK,4,FOD
WIA1002,DATA,STRUCTURE,1,LEC,"""MONDAY"
13:00,-,15:00,"(02:00)""",DR.,HOO,WAI,LAM,DK,1,FSKTM
WIA1002,DATA,STRUCTURE,1,LEC,"""WEDNESDAY"
09:00,-,12:00,"(03:00)""",PROFESSOR,IR.,DR.,CHAN,CHEE,SENG,MM,3,FSKTM
WIA1002,DATA,STRUCTURE,10,LEC,"""MONDAY"
13:00,-,15:00,"(02:00)""",DR.,LIM,CHEE,KAU,DK,2,FSKTM
WIA1002,DATA,STRUCTURE,10,LEC,"""THURSDAY"
11:00,-,14:00,"(03:00)""",DR.,NURUL,BINTI,JAPAR,M,STROU,FSKTM
WIA1002,DATA,STRUCTURE,1RL,TUT,"""MONDAY"
13:00,-,15:00,"(02:00)""",DR.,LIM,CHEE,KAU,DK,2,FSKTM
WIA1002,DATA,STRUCTURE,1RL,TUT,"""THURSDAY"
11:00,-,14:00,"(03:00)""",DR.,ONG,SIM,YING,MLANJUTAN,FSKTM
WIA1002,DATA,STRUCTURE,2,LEC,"""MONDAY"
13:00,-,15:00,"(02:00)""",DR.,HOO,WAI,LAM,DK,1,FSKTM
WIA1002,DATA,STRUCTURE,2,LEC,"""THURSDAY"
11:00,-,14:00,"(03:00)""",DR.,ADELEH,ASEMI,ZAVAREH,MM,1,FSKTM
WIA1002,DATA,STRUCTURE,3,TUT,"""MONDAY"
13:00,-,15:00,"(02:00)""",DR.,HOO,WAI,LAM,DK,1,FSKTM
WIA1002,DATA,STRUCTURE,3,TUT,"""WEDNESDAY"
09:00,-,12:00,"(03:00)""",DR.,ONG,SIM,YING,MM,1,FSKTM
WIA1002,DATA,STRUCTURE,4,TUT,"""MONDAY"
13:00,-,15:00,"(02:00)""",DR.,HOO,WAI,LAM,DK,1,FSKTM
WIA1002,DATA,STRUCTURE,4,TUT,"""WEDNESDAY"
09:00,-,12:00,"(03:00)""",MISS,DUA',ABDUL,KAREEM,SALMAN,ALSOUDI,MM,6,FSKTM
WIA1002,DATA,STRUCTURE,5,TUT,"""MONDAY"
13:00,-,15:00,"(02:00)""",DR.,HOO,WAI,LAM,DK,1,FSKTM
WIA1002,DATA,STRUCTURE,5,TUT,"""THURSDAY"
11:00,-,14:00,"(03:00)""",PROFESSOR,IR.,DR.,CHAN,CHEE,SENG,MM,2,FSKTM
WIA1002,DATA,STRUCTURE,6,LEC,"""MONDAY"
13:00,-,15:00,"(02:00)""",DR.,LIM,CHEE,KAU,DK,2,FSKTM
WIA1002,DATA,STRUCTURE,6,LEC,"""WEDNESDAY"
09:00,-,12:00,"(03:00)""",MR.,HAMZA,H.,M.,ALTARTURI,MM,2,FSKTM
WIA1002,DATA,STRUCTURE,7,TUT,"""MONDAY"
13:00,-,15:00,"(02:00)""",DR.,LIM,CHEE,KAU,DK,2,FSKTM
WIA1002,DATA,STRUCTURE,7,TUT,"""FRIDAY"
15:00,-,18:00,"(03:00)""",DR.,ADELEH,ASEMI,ZAVAREH,MM,1,FSKTM
WIA1002,DATA,STRUCTURE,8,LEC,"""MONDAY"
13:00,-,15:00,"(02:00)""",DR.,LIM,CHEE,KAU,DK,2,FSKTM
WIA1002,DATA,STRUCTURE,8,LEC,"""WEDNESDAY"
09:00,-,12:00,"(03:00)""",MR.,NOMAN,MAZHAR,M,STROU,FSKTM
WIA1002,DATA,STRUCTURE,9,TUT,"""MONDAY"
13:00,-,15:00,"(02:00)""",DR.,LIM,CHEE,KAU,DK,2,FSKTM
WIA1002,DATA,STRUCTURE,9,TUT,"""THURSDAY"
11:00,-,14:00,"(03:00)""",DR.,ONG,SIM,YING,MLANJUTAN,FSKTM
WIA1003,COMPUTER,SYSTEM,ARCHITECTURE,1,LEC,"""TUESDAY"
12:00,-,14:00,"(02:00)""",ASSOCIATE,PROF.,DR.,TEY,KOK,SOON,DK,1,FSKTM
WIA1003,COMPUTER,SYSTEM,ARCHITECTURE,1,LEC,"""THURSDAY"
17:00,-,18:00,"(01:00)""",MR.,EMRAN,BIN,MOHD,TAMIL,MM,6,FSKTM
WIA1003,COMPUTER,SYSTEM,ARCHITECTURE,10,TUT,"""TUESDAY"
12:00,-,14:00,"(02:00)""",ASSOCIATE,PROF.,DR.,MOHD,YAMANI,IDNA,BIN,IDRIS,DK,2,FSKTM
WIA1003,COMPUTER,SYSTEM,ARCHITECTURE,10,TUT,"""FRIDAY"
10:00,-,11:00,"(01:00)""",MM,1,FSKTM
WIA1003,COMPUTER,SYSTEM,ARCHITECTURE,1RL,LEC,"""TUESDAY"
12:00,-,14:00,"(02:00)""",ASSOCIATE,PROF.,DR.,MOHD,YAMANI,IDNA,BIN,IDRIS,DK,2,FSKTM
WIA1003,COMPUTER,SYSTEM,ARCHITECTURE,1RL,LEC,"""FRIDAY"
15:00,-,16:00,"(01:00)""",DR.,ROZIANA,BINTI,RAMLI,MM,2,FSKTM
WIA1003,COMPUTER,SYSTEM,ARCHITECTURE,2,LEC,"""TUESDAY"
12:00,-,14:00,"(02:00)""",ASSOCIATE,PROF.,DR.,TEY,KOK,SOON,DK,1,FSKTM
WIA1003,COMPUTER,SYSTEM,ARCHITECTURE,2,LEC,"""THURSDAY"
16:00,-,17:00,"(01:00)""",DR.,ROZIANA,BINTI,RAMLI,MM,2,FSKTM
WIA1003,COMPUTER,SYSTEM,ARCHITECTURE,3,LEC,"""TUESDAY"
12:00,-,14:00,"(02:00)""",ASSOCIATE,PROF.,DR.,TEY,KOK,SOON,DK,1,FSKTM
WIA1003,COMPUTER,SYSTEM,ARCHITECTURE,3,LEC,"""THURSDAY"
16:00,-,17:00,"(01:00)""",ASSOCIATE,PROF.,TS.,DR,ISMAIL,BIN,AHMEDY,MLANJUTAN,FSKTM
WIA1003,COMPUTER,SYSTEM,ARCHITECTURE,4,TUT,"""TUESDAY"
12:00,-,14:00,"(02:00)""",ASSOCIATE,PROF.,DR.,TEY,KOK,SOON,DK,1,FSKTM
WIA1003,COMPUTER,SYSTEM,ARCHITECTURE,4,TUT,"""FRIDAY"
09:00,-,10:00,"(01:00)""",MM,1,FSKTM
WIA1003,COMPUTER,SYSTEM,ARCHITECTURE,5,LEC,"""TUESDAY"
12:00,-,14:00,"(02:00)""",ASSOCIATE,PROF.,DR.,TEY,KOK,SOON,DK,1,FSKTM
WIA1003,COMPUTER,SYSTEM,ARCHITECTURE,5,LEC,"""THURSDAY"
14:00,-,15:00,"(01:00)""",MR.,EMRAN,BIN,MOHD,TAMIL,MM,6,FSKTM
WIA1003,COMPUTER,SYSTEM,ARCHITECTURE,6,LEC,"""TUESDAY"
12:00,-,14:00,"(02:00)""",ASSOCIATE,PROF.,DR.,MOHD,YAMANI,IDNA,BIN,IDRIS,DK,2,FSKTM
WIA1003,COMPUTER,SYSTEM,ARCHITECTURE,6,LEC,"""THURSDAY"
16:00,-,17:00,"(01:00)""",ASSOCIATE,PROF.,DR.,MOHD,YAMANI,IDNA,BIN,IDRIS,MM,1,FSKTM
WIA1003,COMPUTER,SYSTEM,ARCHITECTURE,7,TUT,"""TUESDAY"
12:00,-,14:00,"(02:00)""",ASSOCIATE,PROF.,DR.,MOHD,YAMANI,IDNA,BIN,IDRIS,DK,2,FSKTM
WIA1003,COMPUTER,SYSTEM,ARCHITECTURE,7,TUT,"""THURSDAY"
16:00,-,17:00,"(01:00)""",MR.,EMRAN,BIN,MOHD,TAMIL,MM,6,FSKTM
WIA1003,COMPUTER,SYSTEM,ARCHITECTURE,8,TUT,"""TUESDAY"
12:00,-,14:00,"(02:00)""",ASSOCIATE,PROF.,DR.,MOHD,YAMANI,IDNA,BIN,IDRIS,DK,2,FSKTM
WIA1003,COMPUTER,SYSTEM,ARCHITECTURE,8,TUT,"""FRIDAY"
15:00,-,16:00,"(01:00)""",DR.,ROZIANA,BINTI,RAMLI,MM,2,FSKTM
WIA1003,COMPUTER,SYSTEM,ARCHITECTURE,9,LEC,"""TUESDAY"
12:00,-,14:00,"(02:00)""",ASSOCIATE,PROF.,DR.,MOHD,YAMANI,IDNA,BIN,IDRIS,DK,2,FSKTM
WIA1003,COMPUTER,SYSTEM,ARCHITECTURE,9,LEC,"""THURSDAY"
17:00,-,18:00,"(01:00)""",ASSOCIATE,PROF.,TS.,DR,ISMAIL,BIN,AHMEDY,MLANJUTAN,FSKTM
WIA1005,NETWORK,TECHNOLOGY,FOUNDATION,1,LEC,"""MONDAY"
09:00,-,11:00,"(02:00)""",NOR,BADRUL,ANUAR,BIN,JUMA'AT,DK,1,FSKTM
WIA1005,NETWORK,TECHNOLOGY,FOUNDATION,1,LEC,"""TUESDAY"
10:00,-,12:00,"(02:00)""",MISS,LAIHA,BINTI,MAT,KIAH,M,CCNA,FSKTM
WIA1005,NETWORK,TECHNOLOGY,FOUNDATION,10,LEC,"""MONDAY"
09:00,-,11:00,"(02:00)""",DR.,MUHAMMAD,FAIZ,BIN,MOHD,ZAKI,DK,2,FSKTM
WIA1005,NETWORK,TECHNOLOGY,FOUNDATION,10,LEC,"""WEDNESDAY"
16:00,-,18:00,"(02:00)""",ASSOCIATE,PROF.,TS.,DR,ISMAIL,BIN,AHMEDY,M,CCNA,FSKTM
WIA1005,NETWORK,TECHNOLOGY,FOUNDATION,11,LEC,"""MONDAY"
09:00,-,11:00,"(02:00)""",DR.,MUHAMMAD,FAIZ,BIN,MOHD,ZAKI,DK,2,FSKTM
WIA1005,NETWORK,TECHNOLOGY,FOUNDATION,11,LEC,"""FRIDAY"
10:00,-,12:00,"(02:00)""",MR.,MUHAMMAD,NUR,FIRDAUS,BIN,SAHRAN,M,CCNA,FSKTM
WIA1005,NETWORK,TECHNOLOGY,FOUNDATION,12,LEC,"""MONDAY"
09:00,-,11:00,"(02:00)""",DR.,MUHAMMAD,FAIZ,BIN,MOHD,ZAKI
WIA1005,NETWORK,TECHNOLOGY,FOUNDATION,12,LEC,"""MONDAY"
09:00,-,11:00,"(02:00)""",MR.,MUHAMMAD,NUR,FIRDAUS,BIN,SAHRAN
WIA1005,NETWORK,TECHNOLOGY,FOUNDATION,1RL,TUT,"""MONDAY"
09:00,-,11:00,"(02:00)""",DR.,MUHAMMAD,FAIZ,BIN,MOHD,ZAKI,DK,2,FSKTM
WIA1005,NETWORK,TECHNOLOGY,FOUNDATION,1RL,TUT,"""FRIDAY"
10:00,-,12:00,"(02:00)""",DR.,MUHAMMAD,FAIZ,BIN,MOHD,ZAKI,M,CCNA,FSKTM
WIA1005,NETWORK,TECHNOLOGY,FOUNDATION,2,LEC,"""MONDAY"
09:00,-,11:00,"(02:00)""",NOR,BADRUL,ANUAR,BIN,JUMA'AT,DK,1,FSKTM
WIA1005,NETWORK,TECHNOLOGY,FOUNDATION,2,LEC,"""TUESDAY"
14:00,-,16:00,"(02:00)""",ASSOCIATE,PROF.,DR.,ROSLI,BIN,SALLEH,M,CCNA,FSKTM
WIA1005,NETWORK,TECHNOLOGY,FOUNDATION,3,LEC,"""MONDAY"
09:00,-,11:00,"(02:00)""",NOR,BADRUL,ANUAR,BIN,JUMA'AT,DK,1,FSKTM
WIA1005,NETWORK,TECHNOLOGY,FOUNDATION,3,LEC,"""TUESDAY"
16:00,-,18:00,"(02:00)""",NOR,BADRUL,ANUAR,BIN,JUMA'AT,M,CCNA,FSKTM
WIA1005,NETWORK,TECHNOLOGY,FOUNDATION,4,TUT,"""MONDAY"
09:00,-,11:00,"(02:00)""",NOR,BADRUL,ANUAR,BIN,JUMA'AT,DK,1,FSKTM
WIA1005,NETWORK,TECHNOLOGY,FOUNDATION,4,TUT,"""WEDNESDAY"
12:00,-,14:00,"(02:00)""",RAFIDAH,BINTI,MD,NOOR,M,CCNA,FSKTM
WIA1005,NETWORK,TECHNOLOGY,FOUNDATION,5,TUT,"""MONDAY"
09:00,-,11:00,"(02:00)""",NOR,BADRUL,ANUAR,BIN,JUMA'AT,DK,1,FSKTM
WIA1005,NETWORK,TECHNOLOGY,FOUNDATION,5,TUT,"""THURSDAY"
09:00,-,11:00,"(02:00)""",DR.,MUHAMMAD,FAIZ,BIN,MOHD,ZAKI,M,CCNA,FSKTM
WIA1005,NETWORK,TECHNOLOGY,FOUNDATION,6,TUT,"""MONDAY"
09:00,-,11:00,"(02:00)""",DR.,MUHAMMAD,FAIZ,BIN,MOHD,ZAKI,DK,2,FSKTM
WIA1005,NETWORK,TECHNOLOGY,FOUNDATION,6,TUT,"""WEDNESDAY"
14:00,-,16:00,"(02:00)""",ASSOCIATE,PROF.,DR.,ROSLI,BIN,SALLEH,M,CCNA,FSKTM
WIA1005,NETWORK,TECHNOLOGY,FOUNDATION,7,LEC,"""MONDAY"
09:00,-,11:00,"(02:00)""",DR.,MUHAMMAD,FAIZ,BIN,MOHD,ZAKI,DK,2,FSKTM
WIA1005,NETWORK,TECHNOLOGY,FOUNDATION,7,LEC,"""WEDNESDAY"
09:00,-,11:00,"(02:00)""",RAFIDAH,BINTI,MD,NOOR,M,CCNA,FSKTM
WIA1005,NETWORK,TECHNOLOGY,FOUNDATION,8,LEC,"""MONDAY"
09:00,-,11:00,"(02:00)""",DR.,MUHAMMAD,FAIZ,BIN,MOHD,ZAKI,DK,2,FSKTM
WIA1005,NETWORK,TECHNOLOGY,FOUNDATION,8,LEC,"""FRIDAY"
15:00,-,17:00,"(02:00)""",DR.,MUHAMMAD,FAIZ,BIN,MOHD,ZAKI,M,CCNA,FSKTM
WIA1005,NETWORK,TECHNOLOGY,FOUNDATION,9,TUT,"""MONDAY"
09:00,-,11:00,"(02:00)""",DR.,MUHAMMAD,FAIZ,BIN,MOHD,ZAKI,DK,2,FSKTM
WIA1005,NETWORK,TECHNOLOGY,FOUNDATION,9,TUT,"""THURSDAY"
15:00,-,17:00,"(02:00)""",ASSOCIATE,PROF.,DR.,ROSLI,BIN,SALLEH,M,CCNA,FSKTM
WIA2004,OPERATING,SYSTEMS,1,TUT,"""MONDAY"
15:00,-,17:00,"(02:00)""",DR.,SAAIDAL,RAZALLI,BIN,AZZUHRI,DK,1,FSKTM
WIA2004,OPERATING,SYSTEMS,1,TUT,"""WEDNESDAY"
12:00,-,14:00,"(02:00)""",MR.,EMRAN,BIN,MOHD,TAMIL,MM,4,FSKTM
WIA2004,OPERATING,SYSTEMS,1RL,LEC,"""MONDAY"
15:00,-,17:00,"(02:00)""",ASSOCIATE,PROF.,DR.,POR,LIP,YEE,@,POR,KHOON,SUN,DK,2,FSKTM
WIA2004,OPERATING,SYSTEMS,1RL,LEC,"""FRIDAY"
10:00,-,12:00,"(02:00)""",MM,3,FSKTM
WIA2004,OPERATING,SYSTEMS,2,TUT,"""MONDAY"
15:00,-,17:00,"(02:00)""",DR.,SAAIDAL,RAZALLI,BIN,AZZUHRI,DK,1,FSKTM
WIA2004,OPERATING,SYSTEMS,2,TUT,"""WEDNESDAY"
12:00,-,14:00,"(02:00)""",DR.,SAAIDAL,RAZALLI,BIN,AZZUHRI,MM,3,FSKTM
WIA2004,OPERATING,SYSTEMS,3,TUT,"""MONDAY"
15:00,-,17:00,"(02:00)""",DR.,SAAIDAL,RAZALLI,BIN,AZZUHRI,DK,1,FSKTM
WIA2004,OPERATING,SYSTEMS,3,TUT,"""WEDNESDAY"
16:00,-,18:00,"(02:00)""",MR.,EMRAN,BIN,MOHD,TAMIL,MM,1,FSKTM
WIA2004,OPERATING,SYSTEMS,4,TUT,"""MONDAY"
15:00,-,17:00,"(02:00)""",DR.,SAAIDAL,RAZALLI,BIN,AZZUHRI,DK,1,FSKTM
WIA2004,OPERATING,SYSTEMS,4,TUT,"""WEDNESDAY"
16:00,-,18:00,"(02:00)""",MR.,HAMZA,H.,M.,ALTARTURI,MM,3,FSKTM
WIA2004,OPERATING,SYSTEMS,5,LEC,"""MONDAY"
15:00,-,17:00,"(02:00)""",ASSOCIATE,PROF.,DR.,POR,LIP,YEE,@,POR,KHOON,SUN,DK,2,FSKTM
WIA2004,OPERATING,SYSTEMS,5,LEC,"""FRIDAY"
10:00,-,12:00,"(02:00)""",DR.,LIEW,WEI,SHIUNG,MM,3,FSKTM
WIA2004,OPERATING,SYSTEMS,6,LEC,"""MONDAY"
15:00,-,17:00,"(02:00)""",ASSOCIATE,PROF.,DR.,POR,LIP,YEE,@,POR,KHOON,SUN,DK,2,FSKTM
WIA2004,OPERATING,SYSTEMS,6,LEC,"""FRIDAY"
15:00,-,17:00,"(02:00)""",MR.,NOMAN,MAZHAR,M,STROU,FSKTM
WIA2004,OPERATING,SYSTEMS,7,TUT,"""MONDAY"
15:00,-,17:00,"(02:00)""",ASSOCIATE,PROF.,DR.,POR,LIP,YEE,@,POR,KHOON,SUN,DK,2,FSKTM
WIA2004,OPERATING,SYSTEMS,7,TUT,"""WEDNESDAY"
16:00,-,18:00,"(02:00)""",MR.,NOMAN,MAZHAR,MM,6,FSKTM
WIA2005,ALGORITHM,DESIGN,AND,ANALYSIS,1,TUT,"""MONDAY"
11:00,-,13:00,"(02:00)""",DR.,HAZRINA,BINTI,SOFIAN,DK,1,FSKTM
WIA2005,ALGORITHM,DESIGN,AND,ANALYSIS,1,TUT,"""THURSDAY"
10:00,-,12:00,"(02:00)""",DR.,HAZRINA,BINTI,SOFIAN,B,KULIAH2,FSKTM
WIA2005,ALGORITHM,DESIGN,AND,ANALYSIS,1M,TUT,"""MONDAY"
11:00,-,13:00,"(02:00)""",DR.,HAZRINA,BINTI,SOFIAN,DK,1,FSKTM
WIA2005,ALGORITHM,DESIGN,AND,ANALYSIS,1M,TUT,"""THURSDAY"
10:00,-,12:00,"(02:00)""",DR.,HAZRINA,BINTI,SOFIAN,B,KULIAH2,FSKTM
WIA2005,ALGORITHM,DESIGN,AND,ANALYSIS,1RL,LEC,"""MONDAY"
11:00,-,13:00,"(02:00)""",DR.,NUR,NASUHA,BINTI,MOHD,DAUD,DK,2,FSKTM
WIA2005,ALGORITHM,DESIGN,AND,ANALYSIS,1RL,LEC,"""THURSDAY"
09:00,-,11:00,"(02:00)""",DR.,NUR,NASUHA,BINTI,MOHD,DAUD,MM,1,FSKTM
WIA2005,ALGORITHM,DESIGN,AND,ANALYSIS,2,LEC,"""MONDAY"
11:00,-,13:00,"(02:00)""",DR.,HAZRINA,BINTI,SOFIAN,DK,1,FSKTM
WIA2005,ALGORITHM,DESIGN,AND,ANALYSIS,2,LEC,"""WEDNESDAY"
12:00,-,14:00,"(02:00)""",DR.,HAZRINA,BINTI,SOFIAN,MM,1,FSKTM
WIA2005,ALGORITHM,DESIGN,AND,ANALYSIS,3,TUT,"""MONDAY"
11:00,-,13:00,"(02:00)""",DR.,HAZRINA,BINTI,SOFIAN,DK,1,FSKTM
WIA2005,ALGORITHM,DESIGN,AND,ANALYSIS,3,TUT,"""THURSDAY"
12:00,-,14:00,"(02:00)""",DR.,ASMIZA,BINTI,ABDUL,SANI,B,KULIAH2,FSKTM
WIA2005,ALGORITHM,DESIGN,AND,ANALYSIS,4,LEC,"""MONDAY"
11:00,-,13:00,"(02:00)""",DR.,HAZRINA,BINTI,SOFIAN,DK,1,FSKTM
WIA2005,ALGORITHM,DESIGN,AND,ANALYSIS,4,LEC,"""FRIDAY"
10:00,-,12:00,"(02:00)""",DR.,ASMIZA,BINTI,ABDUL,SANI,MM,6,FSKTM
WIA2005,ALGORITHM,DESIGN,AND,ANALYSIS,5,LEC,"""MONDAY"
11:00,-,13:00,"(02:00)""",DR.,NUR,NASUHA,BINTI,MOHD,DAUD,DK,2,FSKTM
WIA2005,ALGORITHM,DESIGN,AND,ANALYSIS,5,LEC,"""THURSDAY"
13:00,-,15:00,"(02:00)""",DR.,NUR,NASUHA,BINTI,MOHD,DAUD,MM,4,FSKTM
WIA2005,ALGORITHM,DESIGN,AND,ANALYSIS,6,TUT,"""MONDAY"
11:00,-,13:00,"(02:00)""",DR.,NUR,NASUHA,BINTI,MOHD,DAUD,DK,2,FSKTM
WIA2005,ALGORITHM,DESIGN,AND,ANALYSIS,6,TUT,"""FRIDAY"
10:00,-,12:00,"(02:00)""",DR.,NUR,NASUHA,BINTI,MOHD,DAUD,MLANJUTAN,FSKTM
WIA2005,ALGORITHM,DESIGN,AND,ANALYSIS,7,LEC,"""MONDAY"
11:00,-,13:00,"(02:00)""",DR.,NUR,NASUHA,BINTI,MOHD,DAUD,DK,2,FSKTM
WIA2005,ALGORITHM,DESIGN,AND,ANALYSIS,7,LEC,"""THURSDAY"
09:00,-,11:00,"(02:00)""",DR.,NUR,NASUHA,BINTI,MOHD,DAUD,MM,1,FSKTM
WIA3001,INDUSTRIAL,TRAINING,1,""""
-,"()"""
WIA3002,ACADEMIC,PROJECT,I,1,""""
-,"()"""
WIA3003,ACADEMIC,PROJECT,II,1,""""
-,"()"""
WIC2001,ADVANCED,NETWORK,TECHNOLOGY,1,LEC,"""THURSDAY"
11:00,-,13:00,"(02:00)""",ASSOCIATE,PROF.,DR.,ANG,TAN,FONG
WIC2002,NETWORK,SECURITY,1,LEC,"""MONDAY"
13:00,-,15:00,"(02:00)""",ASSOCIATE,PROF.,DR.,ROSLI,BIN,SALLEH,M,CCNA,FSKTM
WIC2002,NETWORK,SECURITY,1,LEC,"""WEDNESDAY"
11:00,-,12:00,"(01:00)""",ASSOCIATE,PROF.,DR.,ROSLI,BIN,SALLEH,M,CCNA,FSKTM
WIC2002,NETWORK,SECURITY,1M,LEC,"""MONDAY"
13:00,-,15:00,"(02:00)""",ASSOCIATE,PROF.,DR.,ROSLI,BIN,SALLEH
WIC2002,NETWORK,SECURITY,1M,LEC,"""WEDNESDAY"
11:00,-,12:00,"(01:00)""",ASSOCIATE,PROF.,DR.,ROSLI,BIN,SALLEH
WIC2003,DIGITAL,DESIGN,AND,HARDWARE,DESCRIPTION,LANGUAGE,1,TUT,"""TUESDAY"
10:00,-,12:00,"(02:00)""",MR.,NOORZAILY,BIN,MOHAMED,NOOR,MM,3,FSKTM
WIC2003,DIGITAL,DESIGN,AND,HARDWARE,DESCRIPTION,LANGUAGE,1,TUT,"""THURSDAY"
15:00,-,16:00,"(01:00)""",MR.,NOORZAILY,BIN,MOHAMED,NOOR,MM,3,FSKTM
WIC2004,INTERNET,TECHNOLOGY,1,LEC,"""TUESDAY"
12:00,-,14:00,"(02:00)""",MADAM,FAZIDAH,BINTI,OTHMAN,MM,1,FSKTM
WIC2004,INTERNET,TECHNOLOGY,1,LEC,"""THURSDAY"
14:00,-,15:00,"(01:00)""",MADAM,FAZIDAH,BINTI,OTHMAN,B,KULIAH,FSKTM
WIC3001,MATHEMATICS,IN,NETWORKING,1,TUT,"""TUESDAY"
10:00,-,12:00,"(02:00)""",DR.,SAAIDAL,RAZALLI,BIN,AZZUHRI,B,KULIAH2,FSKTM
WIC3001,MATHEMATICS,IN,NETWORKING,1,TUT,"""THURSDAY"
16:00,-,17:00,"(01:00)""",DR.,SAAIDAL,RAZALLI,BIN,AZZUHRI,B,KULIAH2,FSKTM
WIC3002,CRYPTOGRAPHY,1,LEC,"""FRIDAY"
09:00,-,12:00,"(03:00)""",DR.,MUHAMMAD,REZA,BIN,Z'ABA,MM3
WIC3003,EMBEDDED,SYSTEM,PROGRAMMING,1,LEC,"""TUESDAY"
14:00,-,16:00,"(02:00)""",DR.,ROZIANA,BINTI,RAMLI,MM,1,FSKTM
WIC3003,EMBEDDED,SYSTEM,PROGRAMMING,1,LEC,"""THURSDAY"
14:00,-,15:00,"(01:00)""",DR.,ROZIANA,BINTI,RAMLI,MM,1,FSKTM
WIC3004,COMPUTER,PENETRATION,1,LEC,"""FRIDAY"
15:00,-,18:00,"(03:00)""",DR.,SYARIL,NIZAM,OMAR,MM,6,FSKTM
WIC3008,MICROPROCESSOR,1,TUT,"""MONDAY"
11:00,-,13:00,"(02:00)""",MR.,EMRAN,BIN,MOHD,TAMIL,MM,1,FSKTM
WIC3008,MICROPROCESSOR,1,TUT,"""THURSDAY"
13:00,-,14:00,"(01:00)""",MR.,EMRAN,BIN,MOHD,TAMIL,MM,6,FSKTM
WIX1002,FUNDAMENTALS,OF,PROGRAMMING,1,TUT,"""MONDAY"
13:00,-,15:00,"(02:00)""",DR.,NURUL,BINTI,JAPAR,B,KULIAH,FSKTM
WIX1002,FUNDAMENTALS,OF,PROGRAMMING,1,TUT,"""WEDNESDAY"
09:00,-,12:00,"(03:00)""",DR.,NURUL,BINTI,JAPAR,MM,4,FSKTM
WIX1003,COMPUTER,SYSTEMS,AND,ORGANIZATION,1,LEC,"""TUESDAY"
12:00,-,14:00,"(02:00)""",MR.,NOORZAILY,BIN,MOHAMED,NOOR,MM,3,FSKTM
WIX1003,COMPUTER,SYSTEMS,AND,ORGANIZATION,1,LEC,"""THURSDAY"
14:00,-,15:00,"(01:00)""",MR.,NOORZAILY,BIN,MOHAMED,NOOR,MM,3,FSKTM
WIX3001,SOFT,COMPUTING,1,LEC,"""TUESDAY"
16:00,-,18:00,"(02:00)""",DR.,LIEW,WEI,SHIUNG,DK,1,FSKTM
WIX3001,SOFT,COMPUTING,1,LEC,"""THURSDAY"
11:00,-,12:00,"(01:00)""",DR.,FATEMEH,AHANIN,MM,4,FSKTM
WIX3001,SOFT,COMPUTING,2,LEC,"""TUESDAY"
16:00,-,18:00,"(02:00)""",DR.,LIEW,WEI,SHIUNG,DK,1,FSKTM
WIX3001,SOFT,COMPUTING,2,LEC,"""THURSDAY"
12:00,-,13:00,"(01:00)""",DR.,FATEMEH,AHANIN,MM,4,FSKTM
WIX3001,SOFT,COMPUTING,3,LEC,"""TUESDAY"
16:00,-,18:00,"(02:00)""",DR.,LIEW,WEI,SHIUNG,DK,1,FSKTM
WIX3001,SOFT,COMPUTING,3,LEC,"""THURSDAY"
15:00,-,16:00,"(01:00)""",DR.,FATEMEH,AHANIN,MM,4,FSKTM
WIX3002,SOCIAL,INFORMATICS,1,TUT,"""WEDNESDAY"
13:00,-,15:00,"(02:00)""",ASSOCIATE,PROF.,DR.,KASTURI,DEWI,A/P,VARATHAN,DK,1,FSKTM
WIX3002,SOCIAL,INFORMATICS,1,TUT,"""THURSDAY"
13:00,-,14:00,"(01:00)""",ASSOCIATE,PROF.,DR.,KASTURI,DEWI,A/P,VARATHAN,DK,2,FSKTM
WIX3002,SOCIAL,INFORMATICS,2,LEC,"""WEDNESDAY"
13:00,-,15:00,"(02:00)""",ASSOCIATE,PROF.,DR.,KASTURI,DEWI,A/P,VARATHAN,DK,1,FSKTM
WIX3002,SOCIAL,INFORMATICS,2,LEC,"""FRIDAY"
10:00,-,11:00,"(01:00)""",MADAM,KHAIRATUL,ALYANI,BINTI,BADARI,B,KULIAH,FSKTM
WIX3002,SOCIAL,INFORMATICS,3,TUT,"""WEDNESDAY"
13:00,-,15:00,"(02:00)""",ASSOCIATE,PROF.,DR.,KASTURI,DEWI,A/P,VARATHAN,DK,1,FSKTM
WIX3002,SOCIAL,INFORMATICS,3,TUT,"""FRIDAY"
11:00,-,12:00,"(01:00)""",MADAM,KHAIRATUL,ALYANI,BINTI,BADARI,B,KULIAH,FSKTM
""
""
